DateHeure;0;1
2020-09-18 10:45:00;-0.057659999999999996;0.030157
2020-09-18 11:00:00;-0.06251;0.033833999999999996
2020-09-18 11:15:00;-0.06756;0.030965
2020-09-18 11:30:00;-0.07059;0.034546
2020-09-18 11:45:00;-0.07366;0.039002999999999996
2020-09-18 12:00:00;-0.07592;0.035414
2020-09-18 12:15:00;-0.07833999999999999;0.035459
2020-09-18 12:30:00;-0.08175;0.03798
2020-09-18 12:45:00;-0.08378;0.034744
2020-09-18 13:00:00;-0.08356999999999999;0.038353
2020-09-18 13:15:00;-0.08362;0.037142
2020-09-18 13:30:00;-0.08502;0.034296
2020-09-18 13:45:00;-0.08563;0.037309999999999996
2020-09-18 14:00:00;-0.08459;0.040644
2020-09-18 14:15:00;-0.08378999999999999;0.038305
2020-09-18 14:30:00;-0.08286;0.039234
2020-09-18 14:45:00;-0.08208;0.041214999999999995
2020-09-18 15:00:00;-0.08113;0.035049
2020-09-18 15:15:00;-0.07907;0.041188999999999996
2020-09-18 15:30:00;-0.07506;0.042751
2020-09-18 15:45:00;-0.07103999999999999;0.046404
2020-09-18 16:00:00;-0.06801;0.043105
2020-09-18 16:15:00;-0.06348;0.036830999999999996
2020-09-18 16:30:00;-0.05805;0.034355
2020-09-18 16:45:00;-0.05334;0.028218999999999998
2020-09-18 17:00:00;-0.048709999999999996;0.032889999999999996
2020-09-18 17:15:00;-0.042069999999999996;0.036073999999999995
2020-09-18 17:30:00;-0.03651;0.033881
2020-09-18 17:45:00;-0.0281;0.040539
2020-09-18 18:00:00;-0.017769999999999998;0.028922999999999997
2020-09-18 18:15:00;-0.01681;0.024262
2020-09-18 18:30:00;-0.01257;0.020863
2020-09-18 18:45:00;-0.00895;0.020982999999999998
2020-09-18 19:00:00;-0.0038499999999999997;0.021098
2020-09-18 19:15:00;-0.00131;0.032824
2020-09-18 19:30:00;-2.9999999999999997e-05;0.052420999999999995
2020-09-18 19:45:00;0.00026;0.060846
2020-09-18 20:00:00;-0.00017999999999999998;0.060011999999999996
2020-09-18 20:15:00;-0.00015;0.058877
2020-09-18 20:30:00;-0.00015;0.059305
2020-09-18 20:45:00;-0.00015;0.057054999999999995
2020-09-18 21:00:00;-0.00015;0.058521
2020-09-18 21:15:00;0.00065;0.053341
2020-09-18 21:30:00;0.00017999999999999998;0.032008
2020-09-18 21:45:00;-0.00015999999999999999;0.023721
2020-09-18 22:00:00;-0.00015;0.019896
2020-09-18 22:15:00;-0.00015;0.020291999999999998
2020-09-18 22:30:00;0.0005099999999999999;0.012789
2020-09-18 22:45:00;0.00086;0.0044989999999999995
2020-09-18 23:00:00;3.9999999999999996e-05;0.005828
2020-09-18 23:15:00;-0.00016999999999999999;0.005438999999999999
2020-09-18 23:30:00;-0.00016999999999999999;0.005366999999999999
2020-09-18 23:45:00;-0.00016999999999999999;0.005203999999999999
2020-09-19 00:00:00;-0.00016999999999999999;0.005117
2020-09-19 00:15:00;-0.00016999999999999999;0.005299
2020-09-19 00:30:00;0.00073;0.004155
2020-09-19 00:45:00;0.00017999999999999998;0.00594
2020-09-19 01:00:00;-0.00018999999999999998;0.004628
2020-09-19 01:15:00;-0.00016999999999999999;0.004842
2020-09-19 01:30:00;-0.00017999999999999998;0.005375
2020-09-19 01:45:00;0.00027;0.004514
2020-09-19 02:00:00;0.00086;0.004487
2020-09-19 02:15:00;0.00041;0.004265
2020-09-19 02:30:00;-0.00016999999999999999;0.005301
2020-09-19 02:45:00;-0.00016999999999999999;0.005320999999999999
2020-09-19 03:00:00;-0.00016999999999999999;0.004606
2020-09-19 03:15:00;-0.00016999999999999999;0.005029
2020-09-19 03:30:00;-0.00016999999999999999;0.004868
2020-09-19 03:45:00;0.00031;0.0048909999999999995
2020-09-19 04:00:00;0.00065;0.005667999999999999
2020-09-19 04:15:00;-0.00016999999999999999;0.007052
2020-09-19 04:30:00;-0.00016999999999999999;0.008243
2020-09-19 04:45:00;-0.00016999999999999999;0.005351
2020-09-19 05:00:00;-0.00016999999999999999;0.0055509999999999995
2020-09-19 05:15:00;0.00085;0.005755
2020-09-19 05:30:00;0.00087;0.0034449999999999997
2020-09-19 05:45:00;-0.00016999999999999999;0.004496
2020-09-19 06:00:00;-0.00016999999999999999;0.007212
2020-09-19 06:15:00;-0.00016999999999999999;0.007116
2020-09-19 06:30:00;-0.00016999999999999999;0.007777
2020-09-19 06:45:00;-0.00016999999999999999;0.006718999999999999
2020-09-19 07:00:00;-9.999999999999999e-05;0.005617
2020-09-19 07:15:00;0.00025;0.0021739999999999997
2020-09-19 07:30:00;-0.00123;0.004014
2020-09-19 07:45:00;-0.00291;0.0038829999999999997
2020-09-19 08:00:00;-0.00509;0.006487
2020-09-19 08:15:00;-0.0047799999999999995;0.0064719999999999995
2020-09-19 08:30:00;-0.00465;0.0056489999999999995
2020-09-19 08:45:00;-0.0068;0.006208
2020-09-19 09:00:00;-0.01018;0.017433
2020-09-19 09:15:00;-0.01381;0.013574999999999999
2020-09-19 09:30:00;-0.01635;0.01479
2020-09-19 09:45:00;-0.01234;0.020144
2020-09-19 10:00:00;-0.0046099999999999995;0.021155
2020-09-19 10:15:00;-0.0062699999999999995;0.013555
2020-09-19 10:30:00;-0.013819999999999999;0.019573999999999998
2020-09-19 10:45:00;-0.01847;0.014046
2020-09-19 11:00:00;-0.031959999999999995;0.026959999999999998
2020-09-19 11:15:00;-0.03049;0.030666
2020-09-19 11:30:00;-0.02224;0.019875999999999998
2020-09-19 11:45:00;-0.02378;0.034752
2020-09-19 12:00:00;-0.01696;0.032389
2020-09-19 12:15:00;-0.01217;0.020866
2020-09-19 12:30:00;-0.01864;0.026787
2020-09-19 12:45:00;-0.017429999999999998;0.027718999999999997
2020-09-19 13:00:00;-0.01898;0.017485
2020-09-19 13:15:00;-0.02098;0.021152
2020-09-19 13:30:00;-0.021589999999999998;0.031031999999999997
2020-09-19 13:45:00;-0.015189999999999999;0.024676
2020-09-19 14:00:00;-0.01077;0.013932
2020-09-19 14:15:00;-0.01308;0.019844999999999998
2020-09-19 14:30:00;-0.01188;0.016389
2020-09-19 14:45:00;-0.014079999999999999;0.010988
2020-09-19 15:00:00;-0.01642;0.013057
2020-09-19 15:15:00;-0.01364;0.011269999999999999
2020-09-19 15:30:00;-0.015229999999999999;0.014572
2020-09-19 15:45:00;-0.0171;0.018649
2020-09-19 16:00:00;-0.01364;0.018449999999999998
2020-09-19 16:15:00;-0.01064;0.007892999999999999
2020-09-19 16:30:00;-0.01901;-0.000842
2020-09-19 16:45:00;-0.048709999999999996;0.027291
2020-09-19 17:00:00;-0.05214;0.045107999999999995
2020-09-19 17:15:00;-0.02852;0.029845
2020-09-19 17:30:00;-0.01986;0.014071
2020-09-19 17:45:00;-0.02163;0.011404
2020-09-19 18:00:00;-0.02547;0.024942
2020-09-19 18:15:00;-0.01755;0.019961
2020-09-19 18:30:00;-0.015479999999999999;0.017197999999999998
2020-09-19 18:45:00;-0.012069999999999999;0.019271
2020-09-19 19:00:00;-0.00518;0.018226
2020-09-19 19:15:00;-0.00233;0.017204
2020-09-19 19:30:00;-0.00079;0.009545999999999999
2020-09-19 19:45:00;-4.9999999999999996e-05;0.015111999999999999
2020-09-19 20:00:00;0.00083;0.012211
2020-09-19 20:15:00;3.9999999999999996e-05;0.009954
2020-09-19 20:30:00;-0.00016999999999999999;0.00971
2020-09-19 20:45:00;-0.00016999999999999999;0.009047
2020-09-19 21:00:00;-0.00016999999999999999;0.013680999999999999
2020-09-19 21:15:00;0.00078;0.0072239999999999995
2020-09-19 21:30:00;0.00078;0.0054859999999999996
2020-09-19 21:45:00;-0.00016999999999999999;0.005569
2020-09-19 22:00:00;-0.00015999999999999999;0.005242999999999999
2020-09-19 22:15:00;-0.00016999999999999999;0.005415
2020-09-19 22:30:00;-0.00016999999999999999;0.005748
2020-09-19 22:45:00;-0.00016999999999999999;0.006470999999999999
2020-09-19 23:00:00;9.999999999999999e-05;0.005533
2020-09-19 23:15:00;0.00085;0.005102
2020-09-19 23:30:00;-0.00013;0.005359
2020-09-19 23:45:00;-0.00016999999999999999;0.004912
2020-09-20 00:00:00;-0.00016999999999999999;0.005167
2020-09-20 00:15:00;-0.00016999999999999999;0.004739999999999999
2020-09-20 00:30:00;0.0005099999999999999;0.005784999999999999
2020-09-20 00:45:00;0.0008399999999999999;0.004367
2020-09-20 01:00:00;0.00017999999999999998;0.004247
2020-09-20 01:15:00;-0.00016999999999999999;0.004801
2020-09-20 01:30:00;-0.00016999999999999999;0.005255
2020-09-20 01:45:00;-0.00016999999999999999;0.004822
2020-09-20 02:00:00;-0.00016999999999999999;0.0046879999999999995
2020-09-20 02:15:00;-0.00016999999999999999;0.005646
2020-09-20 02:30:00;0.00057;0.0055119999999999995
2020-09-20 02:45:00;0.00037999999999999997;0.004288999999999999
2020-09-20 03:00:00;-0.00016999999999999999;0.0051329999999999995
2020-09-20 03:15:00;-0.00016999999999999999;0.004395
2020-09-20 03:30:00;-0.00016999999999999999;0.005169
2020-09-20 03:45:00;9.999999999999999e-05;0.0051519999999999995
2020-09-20 04:00:00;0.0008399999999999999;0.003816
2020-09-20 04:15:00;0.00058;0.004386999999999999
2020-09-20 04:30:00;-0.00016999999999999999;0.004876999999999999
2020-09-20 04:45:00;-0.00016999999999999999;0.006405
2020-09-20 05:00:00;-0.00016999999999999999;0.004588
2020-09-20 05:15:00;-0.00016999999999999999;0.005167
2020-09-20 05:30:00;-0.00017999999999999998;0.004678
2020-09-20 05:45:00;0.00022999999999999998;0.005081
2020-09-20 06:00:00;0.00071;0.0040939999999999995
2020-09-20 06:15:00;-0.00016999999999999999;0.004857
2020-09-20 06:30:00;-0.00016999999999999999;0.004817
2020-09-20 06:45:00;-0.00016999999999999999;0.004902
2020-09-20 07:00:00;-0.00016999999999999999;0.005913
2020-09-20 07:15:00;0.00078;0.003453
2020-09-20 07:30:00;0.00015999999999999999;0.002983
2020-09-20 07:45:00;-0.00094;0.002008
2020-09-20 08:00:00;-0.00315;0.00284
2020-09-20 08:15:00;-0.00526;0.004137
2020-09-20 08:30:00;-0.00793;0.000296
2020-09-20 08:45:00;-0.017089999999999998;0.009091
2020-09-20 09:00:00;-0.01635;0.008871
2020-09-20 09:15:00;-0.019379999999999998;0.007683
2020-09-20 09:30:00;-0.036739999999999995;0.016079
2020-09-20 09:45:00;-0.03986;0.016913
2020-09-20 10:00:00;-0.0494;0.02379
2020-09-20 10:15:00;-0.054209999999999994;0.028769
2020-09-20 10:30:00;-0.056249999999999994;0.030300999999999998
2020-09-20 10:45:00;-0.05831;0.026594
2020-09-20 11:00:00;-0.06346;0.030924999999999998
2020-09-20 11:15:00;-0.06662;0.033096
2020-09-20 11:30:00;-0.07317;0.035927
2020-09-20 11:45:00;-0.07389;0.034795
2020-09-20 12:00:00;-0.07622999999999999;0.040761
2020-09-20 12:15:00;-0.07042;0.026957
2020-09-20 12:30:00;-0.07765;0.029619
2020-09-20 12:45:00;-0.08671;0.028839999999999998
2020-09-20 13:00:00;-0.09885999999999999;0.051333
2020-09-20 13:15:00;-0.08218;0.026839
2020-09-20 13:30:00;-0.09267;0.052291
2020-09-20 13:45:00;-0.07225;0.021876
2020-09-20 14:00:00;-0.08274;0.035812
2020-09-20 14:15:00;-0.07817;0.045056
2020-09-20 14:30:00;-0.05423;0.034086
2020-09-20 14:45:00;-0.03675;0.006356
2020-09-20 15:00:00;-0.0533;0.030552
2020-09-20 15:15:00;-0.043699999999999996;0.025802
2020-09-20 15:30:00;-0.03338;0.020763999999999998
2020-09-20 15:45:00;-0.030279999999999998;0.024893
2020-09-20 16:00:00;-0.026959999999999998;0.020013
2020-09-20 16:15:00;-0.02379;0.016759
2020-09-20 16:30:00;-0.02163;0.019156
2020-09-20 16:45:00;-0.0182;0.023819
2020-09-20 17:00:00;-0.010369999999999999;0.016076999999999998
2020-09-20 17:15:00;-0.00447;0.011229999999999999
2020-09-20 17:30:00;-0.00389;0.009713
2020-09-20 17:45:00;-0.00492;0.007757999999999999
2020-09-20 18:00:00;-0.00954;0.007555
2020-09-20 18:15:00;-0.0095;0.011049
2020-09-20 18:30:00;-0.0041199999999999995;0.006965
2020-09-20 18:45:00;-0.00209;0.004267
2020-09-20 19:00:00;-0.00157;0.00477
2020-09-20 19:15:00;-0.00101;0.004843999999999999
2020-09-20 19:30:00;-0.00035;0.004874
2020-09-20 19:45:00;0.00077;0.00501
2020-09-20 20:00:00;0.00082;0.007382
2020-09-20 20:15:00;2.9999999999999997e-05;0.006697
2020-09-20 20:30:00;-0.00015999999999999999;0.0073279999999999994
2020-09-20 20:45:00;-0.00016999999999999999;0.0062629999999999995
2020-09-20 21:00:00;-0.00016999999999999999;0.005157
2020-09-20 21:15:00;-0.00016999999999999999;0.005000999999999999
2020-09-20 21:30:00;-0.00016999999999999999;0.006273
2020-09-20 21:45:00;0.00066;0.0055049999999999995
2020-09-20 22:00:00;0.0003;0.004984
2020-09-20 22:15:00;-0.00016999999999999999;0.004974
2020-09-20 22:30:00;-0.00016999999999999999;0.005855
2020-09-20 22:45:00;-0.00017999999999999998;0.004853
2020-09-20 23:00:00;8.999999999999999e-05;0.006448
2020-09-20 23:15:00;0.00085;0.004163
2020-09-20 23:30:00;0.00058;0.003575
2020-09-20 23:45:00;-0.00016999999999999999;0.004913
2020-09-21 00:00:00;-0.00017999999999999998;0.004207
2020-09-21 00:15:00;-0.00016999999999999999;0.004619
2020-09-21 00:30:00;-0.00016999999999999999;0.0048839999999999995
2020-09-21 00:45:00;-0.00016999999999999999;0.005346
2020-09-21 01:00:00;0.00022999999999999998;0.005291
2020-09-21 01:15:00;0.00071;0.004047
2020-09-21 01:30:00;-0.00017999999999999998;0.004442
2020-09-21 01:45:00;-0.00016999999999999999;0.00403
2020-09-21 02:00:00;-0.00016999999999999999;0.008883
2020-09-21 02:15:00;-0.00016999999999999999;0.011197
2020-09-21 02:30:00;0.0007199999999999999;0.009628
2020-09-21 02:45:00;0.00085;0.009533
2020-09-21 03:00:00;-2.9999999999999997e-05;0.010095999999999999
2020-09-21 03:15:00;-0.00016999999999999999;0.010036999999999999
2020-09-21 03:30:00;-0.00016999999999999999;0.010709
2020-09-21 03:45:00;-0.00016999999999999999;0.006235999999999999
2020-09-21 04:00:00;-0.00016999999999999999;0.00463
2020-09-21 04:15:00;-0.00016999999999999999;0.005791
2020-09-21 04:30:00;0.0008399999999999999;0.003671
2020-09-21 04:45:00;0.00015999999999999999;0.004441
2020-09-21 05:00:00;-0.00017999999999999998;0.0044919999999999995
2020-09-21 05:15:00;-0.00016999999999999999;0.0042309999999999995
2020-09-21 05:30:00;-0.00016999999999999999;0.006134
2020-09-21 05:45:00;0.0003;0.006398999999999999
2020-09-21 06:00:00;0.00085;0.006745
2020-09-21 06:15:00;0.00043999999999999996;0.005189
2020-09-21 06:30:00;-0.00016999999999999999;0.007195
2020-09-21 06:45:00;-0.00015999999999999999;0.005987999999999999
2020-09-21 07:00:00;-0.00016999999999999999;0.005660999999999999
2020-09-21 07:15:00;-0.00016999999999999999;0.0056749999999999995
2020-09-21 07:30:00;-0.00045999999999999996;0.005105999999999999
2020-09-21 07:45:00;-0.00075;0.00307
2020-09-21 08:00:00;-0.0022099999999999997;0.015229999999999999
2020-09-21 08:15:00;-0.00456;0.014582
2020-09-21 08:30:00;-0.00607;0.004938
2020-09-21 08:45:00;-0.012069999999999999;0.010497
2020-09-21 09:00:00;-0.0157;0.012631999999999999
2020-09-21 09:15:00;-0.018179999999999998;0.018174
2020-09-21 09:30:00;-0.01738;0.004631
2020-09-21 09:45:00;-0.039939999999999996;0.029723
2020-09-21 10:00:00;-0.03874;0.020683
2020-09-21 10:15:00;-0.045939999999999995;0.02214
2020-09-21 10:30:00;-0.05355;0.020408
2020-09-21 10:45:00;-0.06271;0.027191
2020-09-21 11:00:00;-0.06616999999999999;0.032958999999999995
2020-09-21 11:15:00;-0.07073;0.060312
2020-09-21 11:30:00;-0.029759999999999998;0.03308
2020-09-21 11:45:00;-0.01834;0.021145
2020-09-21 12:00:00;-0.02192;0.017671
2020-09-21 12:15:00;-0.03551;-0.017782
2020-09-21 12:30:00;-0.09995;0.090142
2020-09-21 12:45:00;-0.03356;0.027864
2020-09-21 13:00:00;-0.03254;0.020156999999999998
2020-09-21 13:15:00;-0.03361;0.024739
2020-09-21 13:30:00;-0.03031;0.024111
2020-09-21 13:45:00;-0.026789999999999998;0.022126999999999997
2020-09-21 14:00:00;-0.028069999999999998;0.02199
2020-09-21 14:15:00;-0.026269999999999998;0.019431
2020-09-21 14:30:00;-0.024069999999999998;0.017814999999999998
2020-09-21 14:45:00;-0.02222;0.017977999999999997
2020-09-21 15:00:00;-0.02336;0.014875999999999999
2020-09-21 15:15:00;-0.023979999999999998;0.016947
2020-09-21 15:30:00;-0.02317;0.019094
2020-09-21 15:45:00;-0.02306;0.017339999999999998
2020-09-21 16:00:00;-0.02471;0.016582
2020-09-21 16:15:00;-0.02533;0.020350999999999998
2020-09-21 16:30:00;-0.02225;0.020623
2020-09-21 16:45:00;-0.02146;0.017228999999999998
2020-09-21 17:00:00;-0.02095;0.019077999999999998
2020-09-21 17:15:00;-0.02047;0.029165999999999997
2020-09-21 17:30:00;-0.02039;0.027701999999999997
2020-09-21 17:45:00;-0.01651;0.026865999999999998
2020-09-21 18:00:00;-0.01092;0.024472999999999998
2020-09-21 18:15:00;-0.00724;0.026232
2020-09-21 18:30:00;-0.004399999999999999;0.027363
2020-09-21 18:45:00;-0.0027199999999999998;0.035137
2020-09-21 19:00:00;-0.00067;0.051816
2020-09-21 19:15:00;0.00049;0.049908999999999995
2020-09-21 19:30:00;0.0007199999999999999;0.051949999999999996
2020-09-21 19:45:00;7e-05;0.047841999999999996
2020-09-21 20:00:00;-0.00015999999999999999;0.045323999999999996
2020-09-21 20:15:00;-0.00015;0.040816
2020-09-21 20:30:00;-0.00015;0.039259999999999996
2020-09-21 20:45:00;-0.00015999999999999999;0.038347
2020-09-21 21:00:00;-0.00015999999999999999;0.017533
2020-09-21 21:15:00;0.00077;0.012808
2020-09-21 21:30:00;0.00010999999999999999;0.009663
2020-09-21 21:45:00;-0.00016999999999999999;0.008652
2020-09-21 22:00:00;-0.00016999999999999999;0.007918
2020-09-21 22:15:00;-0.00016999999999999999;0.011063
2020-09-21 22:30:00;0.0006399999999999999;0.010197
2020-09-21 22:45:00;0.00085;0.009528
2020-09-21 23:00:00;-2.9999999999999997e-05;0.012213
2020-09-21 23:15:00;-0.00016999999999999999;0.013328999999999999
2020-09-21 23:30:00;-0.00016999999999999999;0.01304
2020-09-21 23:45:00;-0.00016999999999999999;0.012759
2020-09-22 00:00:00;-0.00016999999999999999;0.012208
2020-09-22 00:15:00;-0.00016999999999999999;0.013423
2020-09-22 00:30:00;0.00078;0.01168
2020-09-22 00:45:00;0.00016999999999999999;0.012345
2020-09-22 01:00:00;-0.00016999999999999999;0.012412999999999999
2020-09-22 01:15:00;-0.00016999999999999999;0.012289999999999999
2020-09-22 01:30:00;-0.00016999999999999999;0.012773999999999999
2020-09-22 01:45:00;0.00016999999999999999;0.011994999999999999
2020-09-22 02:00:00;0.0008399999999999999;0.011819
2020-09-22 02:15:00;0.00058;0.011604
2020-09-22 02:30:00;-0.00016999999999999999;0.011548
2020-09-22 02:45:00;-0.00016999999999999999;0.011712
2020-09-22 03:00:00;-0.00016999999999999999;0.011401
2020-09-22 03:15:00;-0.00016999999999999999;0.011896
2020-09-22 03:30:00;-0.00016999999999999999;0.011717
2020-09-22 03:45:00;0.00016999999999999999;0.012077
2020-09-22 04:00:00;0.00077;0.010265
2020-09-22 04:15:00;-0.00016999999999999999;0.011326
2020-09-22 04:30:00;-0.00016999999999999999;0.010391
2020-09-22 04:45:00;-0.00016999999999999999;0.010107999999999999
2020-09-22 05:00:00;-0.00016999999999999999;0.010305
2020-09-22 05:15:00;0.0006399999999999999;0.010915
2020-09-22 05:30:00;0.0008399999999999999;0.010756
2020-09-22 05:45:00;0.00010999999999999999;0.009944999999999999
2020-09-22 06:00:00;-0.00015999999999999999;0.011007
2020-09-22 06:15:00;-0.00016999999999999999;0.01141
2020-09-22 06:30:00;-0.00016999999999999999;0.012027
2020-09-22 06:45:00;-0.00016999999999999999;0.007136
2020-09-22 07:00:00;-0.00016999999999999999;0.006287999999999999
2020-09-22 07:15:00;0.0006299999999999999;0.005807
2020-09-22 07:30:00;0.00016999999999999999;0.00601
2020-09-22 07:45:00;-0.0015;0.009226
2020-09-22 08:00:00;-0.00248;0.016090999999999998
2020-09-22 08:15:00;-0.0030499999999999998;0.009535
2020-09-22 08:30:00;-0.00392;0.006194
2020-09-22 08:45:00;-0.006339999999999999;0.004437
2020-09-22 09:00:00;-0.01159;0.009103
2020-09-22 09:15:00;-0.01555;0.016526
2020-09-22 09:30:00;-0.013779999999999999;0.017318999999999998
2020-09-22 09:45:00;-0.0129;0.022437
2020-09-22 10:00:00;-0.01469;0.006620999999999999
2020-09-22 10:15:00;-0.03623;0.025481
2020-09-22 10:30:00;-0.04394;0.026147999999999998
2020-09-22 10:45:00;-0.03907;0.039132
2020-09-22 11:00:00;-0.02029;0.023705
2020-09-22 11:15:00;-0.01945;0.02354
2020-09-22 11:30:00;-0.01988;0.020227
2020-09-22 11:45:00;-0.025439999999999997;0.019896999999999998
2020-09-22 12:00:00;-0.03258;0.031261
2020-09-22 12:15:00;-0.03335;0.033558
2020-09-22 12:30:00;-0.02864;0.022838
2020-09-22 12:45:00;-0.03078;0.017081
2020-09-22 13:00:00;-0.03915;0.018916
2020-09-22 13:15:00;-0.051379999999999995;0.039078999999999996
2020-09-22 13:30:00;-0.034069999999999996;0.024995
2020-09-22 13:45:00;-0.02768;0.019416
2020-09-22 14:00:00;-0.02744;0.02445
2020-09-22 14:15:00;-0.027299999999999998;0.009923999999999999
2020-09-22 14:30:00;-0.03803;0.015754999999999998
2020-09-22 14:45:00;-0.042949999999999995;0.000713
2020-09-22 15:00:00;-0.07948;0.039807999999999996
2020-09-22 15:15:00;-0.06873;0.020061
2020-09-22 15:30:00;-0.07857;0.053413999999999996
2020-09-22 15:45:00;-0.04863;0.004625
2020-09-22 16:00:00;-0.07997;0.042068
2020-09-22 16:15:00;-0.06787;0.054192
2020-09-22 16:30:00;-0.04319;0.03854
2020-09-22 16:45:00;-0.04204;0.042707999999999996
2020-09-22 17:00:00;-0.02963;0.032386
2020-09-22 17:15:00;-0.024159999999999997;0.033686
2020-09-22 17:30:00;-0.02012;0.025321
2020-09-22 17:45:00;-0.01621;0.023729999999999998
2020-09-22 18:00:00;-0.01441;0.019705
2020-09-22 18:15:00;-0.015009999999999999;0.029009999999999998
2020-09-22 18:30:00;-0.00709;0.025134
2020-09-22 18:45:00;-0.00075;0.019892
2020-09-22 19:00:00;-7e-05;0.028881
2020-09-22 19:15:00;-0.00066;0.048832999999999994
2020-09-22 19:30:00;-0.00035999999999999997;0.053086999999999995
2020-09-22 19:45:00;0.00014;0.055587
2020-09-22 20:00:00;0.00073;0.046695999999999994
2020-09-22 20:15:00;-0.00014;0.057627
2020-09-22 20:30:00;-0.00015;0.055165
2020-09-22 20:45:00;-0.00014;0.050783999999999996
2020-09-22 21:00:00;-0.00015;0.052952
2020-09-22 21:15:00;0.0006399999999999999;0.029419999999999998
2020-09-22 21:30:00;0.00086;0.021299
2020-09-22 21:45:00;-0.00015;0.023984
2020-09-22 22:00:00;-0.00015999999999999999;0.01095
2020-09-22 22:15:00;-0.00016999999999999999;0.010336
2020-09-22 22:30:00;-0.00016999999999999999;0.008209
2020-09-22 22:45:00;-0.00016999999999999999;0.007619
2020-09-22 23:00:00;-0.00016999999999999999;0.007316
2020-09-22 23:15:00;0.00085;0.00562
2020-09-22 23:30:00;0.00010999999999999999;0.007097
2020-09-22 23:45:00;-0.00016999999999999999;0.006711
2020-09-23 00:00:00;-0.00016999999999999999;0.006313999999999999
2020-09-23 00:15:00;-0.00018999999999999998;0.007182
2020-09-23 00:30:00;0.00031;0.0071719999999999996
2020-09-23 00:45:00;0.00085;0.006111
2020-09-23 01:00:00;0.00037999999999999997;0.005634
2020-09-23 01:15:00;-0.00016999999999999999;0.006983
2020-09-23 01:30:00;-0.00016999999999999999;0.006422
2020-09-23 01:45:00;-0.00016999999999999999;0.0057339999999999995
2020-09-23 02:00:00;-0.00016999999999999999;0.007448
2020-09-23 02:15:00;-0.00016999999999999999;0.006227
2020-09-23 02:30:00;0.00043999999999999996;0.0064269999999999996
2020-09-23 02:45:00;0.00045;0.007391
2020-09-23 03:00:00;-0.00016999999999999999;0.00646
2020-09-23 03:15:00;-0.00016999999999999999;0.007097999999999999
2020-09-23 03:30:00;-0.00016999999999999999;0.007388
2020-09-23 03:45:00;-2.9999999999999997e-05;0.00722
2020-09-23 04:00:00;0.00085;0.005626
2020-09-23 04:15:00;0.00074;0.005471
2020-09-23 04:30:00;-0.00016999999999999999;0.007167
2020-09-23 04:45:00;-0.00016999999999999999;0.0061649999999999995
2020-09-23 05:00:00;-0.00016999999999999999;0.005578
2020-09-23 05:15:00;-0.00016999999999999999;0.006846
2020-09-23 05:30:00;-0.00016999999999999999;0.005817
2020-09-23 05:45:00;9.999999999999999e-05;0.007405999999999999
2020-09-23 06:00:00;0.00085;0.0072499999999999995
2020-09-23 06:15:00;-0.00014;0.008589
2020-09-23 06:30:00;-0.00016999999999999999;0.009391
2020-09-23 06:45:00;-0.00016999999999999999;0.007552
2020-09-23 07:00:00;-0.00016999999999999999;0.0092
2020-09-23 07:15:00;0.00043999999999999996;0.007562999999999999
2020-09-23 07:30:00;0.00075;0.0068119999999999995
2020-09-23 07:45:00;0.00011999999999999999;0.006333
2020-09-23 08:00:00;-0.00121;0.012714999999999999
2020-09-23 08:15:00;-0.0023599999999999997;0.012513999999999999
2020-09-23 08:30:00;-0.00451;0.008265
2020-09-23 08:45:00;-0.0059099999999999995;0.0083
2020-09-23 09:00:00;-0.0101;0.010615999999999999
2020-09-23 09:15:00;-0.01444;0.018068999999999998
2020-09-23 09:30:00;-0.018349999999999998;0.022112
2020-09-23 09:45:00;-0.01806;0.021733
2020-09-23 10:00:00;-0.021589999999999998;0.020798999999999998
2020-09-23 10:15:00;-0.02737;0.026787
2020-09-23 10:30:00;-0.032209999999999996;0.024724
2020-09-23 10:45:00;-0.03764;0.026196999999999998
2020-09-23 11:00:00;-0.03927;0.029706999999999997
2020-09-23 11:15:00;-0.04155;0.024224
2020-09-23 11:30:00;-0.047389999999999995;0.028755
2020-09-23 11:45:00;-0.04745;0.033914
2020-09-23 12:00:00;-0.04693;0.008777
2020-09-23 12:15:00;-0.08342;0.07134499999999999
2020-09-23 12:30:00;-0.04312;0.022407
2020-09-23 12:45:00;-0.057449999999999994;0.01291
2020-09-23 13:00:00;-0.09053;0.039362999999999995
2020-09-23 13:15:00;-0.09784999999999999;0.055964
2020-09-23 13:30:00;-0.07682;0.017943
2020-09-23 13:45:00;-0.10744999999999999;0.074474
2020-09-23 14:00:00;-0.06544;0.036832
2020-09-23 14:15:00;-0.05593;0.026206999999999998
2020-09-23 14:30:00;-0.05273;0.035619
2020-09-23 14:45:00;-0.04288;0.007723
2020-09-23 15:00:00;-0.06189;0.038640999999999995
2020-09-23 15:15:00;-0.05604;0.031453
2020-09-23 15:30:00;-0.04887;0.020394
2020-09-23 15:45:00;-0.060169999999999994;0.036538999999999995
2020-09-23 16:00:00;-0.049609999999999994;0.023736999999999998
2020-09-23 16:15:00;-0.05114;0.042474
2020-09-23 16:30:00;-0.03769;0.007891
2020-09-23 16:45:00;-0.061649999999999996;0.035091
2020-09-23 17:00:00;-0.05482;0.0378
2020-09-23 17:15:00;-0.04553;0.041111999999999996
2020-09-23 17:30:00;-0.03852;0.038362
2020-09-23 17:45:00;-0.03039;0.035352999999999996
2020-09-23 18:00:00;-0.02086;0.025231999999999997
2020-09-23 18:15:00;-0.01727;0.021997
2020-09-23 18:30:00;-0.014969999999999999;0.025556
2020-09-23 18:45:00;-0.0060799999999999995;0.021448
2020-09-23 19:00:00;-0.0021;0.024936
2020-09-23 19:15:00;-0.00141;0.038306
2020-09-23 19:30:00;-0.0005499999999999999;0.054558999999999996
2020-09-23 19:45:00;0.00066;0.053763
2020-09-23 20:00:00;0.00085;0.058019999999999995
2020-09-23 20:15:00;5.9999999999999995e-05;0.05776
2020-09-23 20:30:00;-0.00015;0.057942
2020-09-23 20:45:00;-0.00015;0.047840999999999995
2020-09-23 21:00:00;-0.00015999999999999999;0.035003
2020-09-23 21:15:00;-0.00015999999999999999;0.01533
2020-09-23 21:30:00;-0.00016999999999999999;0.010201
2020-09-23 21:45:00;0.00031;0.008623
2020-09-23 22:00:00;0.00065;0.0061059999999999994
2020-09-23 22:15:00;-0.00015999999999999999;0.006598
2020-09-23 22:30:00;-0.00016999999999999999;0.00699
2020-09-23 22:45:00;-0.00016999999999999999;0.005157
2020-09-23 23:00:00;-0.00016999999999999999;0.006059999999999999
2020-09-23 23:15:00;0.00083;0.0048059999999999995
2020-09-23 23:30:00;0.00086;0.004657
2020-09-23 23:45:00;-0.00016999999999999999;0.005473
2020-09-24 00:00:00;-0.00016999999999999999;0.005122
2020-09-24 00:15:00;-0.00016999999999999999;0.004541
2020-09-24 00:30:00;-0.00017999999999999998;0.004866
2020-09-24 00:45:00;-0.00017999999999999998;0.00533
2020-09-24 01:00:00;2.9999999999999997e-05;0.006181
2020-09-24 01:15:00;0.0008399999999999999;0.003668
2020-09-24 01:30:00;-9.999999999999999e-05;0.004986
2020-09-24 01:45:00;-0.00016999999999999999;0.00484
2020-09-24 02:00:00;-0.00016999999999999999;0.004356
2020-09-24 02:15:00;-0.00016999999999999999;0.00565
2020-09-24 02:30:00;0.0005;0.004778
2020-09-24 02:45:00;0.00085;0.004071
2020-09-24 03:00:00;0.00016999999999999999;0.004527
2020-09-24 03:15:00;-0.00016999999999999999;0.005232
2020-09-24 03:30:00;-0.00015999999999999999;0.0046689999999999995
2020-09-24 03:45:00;-0.00016999999999999999;0.0044859999999999995
2020-09-24 04:00:00;-0.00016999999999999999;0.005016
2020-09-24 04:15:00;-0.00016999999999999999;0.005454
2020-09-24 04:30:00;0.0006399999999999999;0.005683
2020-09-24 04:45:00;0.00031;0.007561999999999999
2020-09-24 05:00:00;-0.00016999999999999999;0.007691
2020-09-24 05:15:00;-0.00016999999999999999;0.005312
2020-09-24 05:30:00;-0.00016999999999999999;0.004613
2020-09-24 05:45:00;0.00015999999999999999;0.005274
2020-09-24 06:00:00;0.0008399999999999999;0.005438
2020-09-24 06:15:00;0.00058;0.0054069999999999995
2020-09-24 06:30:00;-0.00016999999999999999;0.007147
2020-09-24 06:45:00;-0.00015999999999999999;0.0064529999999999995
2020-09-24 07:00:00;-0.00017999999999999998;0.007051
2020-09-24 07:15:00;-0.00016999999999999999;0.008508
2020-09-24 07:30:00;-0.00018999999999999998;0.007958999999999999
2020-09-24 07:45:00;7.999999999999999e-05;0.0062109999999999995
2020-09-24 08:00:00;-0.00067;0.015309999999999999
2020-09-24 08:15:00;-0.0025599999999999998;0.010903
2020-09-24 08:30:00;-0.00526;0.008480999999999999
2020-09-24 08:45:00;-0.01009;0.011561
2020-09-24 09:00:00;-0.01243;0.011297
2020-09-24 09:15:00;-0.01789;0.01346
2020-09-24 09:30:00;-0.027039999999999998;0.023794
2020-09-24 09:45:00;-0.02916;0.024905999999999998
2020-09-24 10:00:00;-0.02563;0.016795
2020-09-24 10:15:00;-0.030959999999999998;0.017352
2020-09-24 10:30:00;-0.039889999999999995;0.020579999999999998
2020-09-24 10:45:00;-0.048909999999999995;0.027923
2020-09-24 11:00:00;-0.04412;0.012834
2020-09-24 11:15:00;-0.06355;0.031960999999999996
2020-09-24 11:30:00;-0.07038;0.044781999999999995
2020-09-24 11:45:00;-0.06104;0.034906
2020-09-24 12:00:00;-0.05585;0.045995
2020-09-24 12:15:00;-0.03558;0.032991
2020-09-24 12:30:00;-0.030629999999999998;0.020669999999999997
2020-09-24 12:45:00;-0.03406;0.023059
2020-09-24 13:00:00;-0.03299;0.021259999999999998
2020-09-24 13:15:00;-0.02787;0.021956999999999997
2020-09-24 13:30:00;-0.02683;0.01108
2020-09-24 13:45:00;-0.03612;0.020304
2020-09-24 14:00:00;-0.03132;0.019145
2020-09-24 14:15:00;-0.03225;0.026615
2020-09-24 14:30:00;-0.02724;0.014145
2020-09-24 14:45:00;-0.0426;0.014464999999999999
2020-09-24 15:00:00;-0.06114;0.041892
2020-09-24 15:15:00;-0.0418;0.010687
2020-09-24 15:30:00;-0.06701;0.057277999999999996
2020-09-24 15:45:00;-0.02964;0.014339
2020-09-24 16:00:00;-0.04434;0.028863
2020-09-24 16:15:00;-0.04254;0.041807
2020-09-24 16:30:00;-0.01798;0.020051
2020-09-24 16:45:00;-0.015889999999999998;0.019129
2020-09-24 17:00:00;-0.011399999999999999;0.020839999999999997
2020-09-24 17:15:00;-0.00994;0.032522999999999996
2020-09-24 17:30:00;-0.007699999999999999;0.030553999999999998
2020-09-24 17:45:00;-0.0033799999999999998;0.023454
2020-09-24 18:00:00;-0.00234;0.021459
2020-09-24 18:15:00;-0.00437;0.028044999999999997
2020-09-24 18:30:00;-0.0025299999999999997;0.026926
2020-09-24 18:45:00;-0.00174;0.030511
2020-09-24 19:00:00;-7.999999999999999e-05;0.026212
2020-09-24 19:15:00;0.00077;0.037850999999999996
2020-09-24 19:30:00;0.0007999999999999999;0.038609
2020-09-24 19:45:00;0.00015;0.039122
2020-09-24 20:00:00;-0.00015;0.040684
2020-09-24 20:15:00;-0.00015999999999999999;0.039358
2020-09-24 20:30:00;-0.00015;0.03734
2020-09-24 20:45:00;-0.00015999999999999999;0.035095999999999995
2020-09-24 21:00:00;-0.00015;0.026182999999999998
2020-09-24 21:15:00;0.0005099999999999999;0.013647999999999999
2020-09-24 21:30:00;0.00037;0.010924999999999999
2020-09-24 21:45:00;-0.00015999999999999999;0.010662
2020-09-24 22:00:00;-0.00015999999999999999;0.013158999999999999
2020-09-24 22:15:00;-0.00015999999999999999;0.013066999999999999
2020-09-24 22:30:00;0.00023999999999999998;0.007732999999999999
2020-09-24 22:45:00;0.00085;0.0070149999999999995
2020-09-24 23:00:00;0.00031999999999999997;0.004647
2020-09-24 23:15:00;-0.00016999999999999999;0.004594
2020-09-24 23:30:00;-0.00016999999999999999;0.004716
2020-09-24 23:45:00;-0.00016999999999999999;0.004633
2020-09-25 00:00:00;-0.00016999999999999999;0.004828
2020-09-25 00:15:00;-0.00016999999999999999;0.005131
2020-09-25 00:30:00;0.00043999999999999996;0.00458
2020-09-25 00:45:00;0.0005099999999999999;0.003994999999999999
2020-09-25 01:00:00;-0.00016999999999999999;0.005323
2020-09-25 01:15:00;-0.00016999999999999999;0.004403
2020-09-25 01:30:00;-0.00016999999999999999;0.00481
2020-09-25 01:45:00;-9.999999999999999e-05;0.005951
2020-09-25 02:00:00;0.0008399999999999999;0.0047799999999999995
2020-09-25 02:15:00;0.00079;0.003609
2020-09-25 02:30:00;-0.00016999999999999999;0.005069
2020-09-25 02:45:00;-0.00016999999999999999;0.004678
2020-09-25 03:00:00;-0.00016999999999999999;0.004494
2020-09-25 03:15:00;-0.00016999999999999999;0.004738
2020-09-25 03:30:00;-0.00016999999999999999;0.005249
2020-09-25 03:45:00;3.9999999999999996e-05;0.00509
2020-09-25 04:00:00;0.0008399999999999999;0.0036739999999999997
2020-09-25 04:15:00;-9.999999999999999e-05;0.004482
2020-09-25 04:30:00;-0.00016999999999999999;0.004765
2020-09-25 04:45:00;-0.00016999999999999999;0.004993
2020-09-25 05:00:00;-0.00016999999999999999;0.005292
2020-09-25 05:15:00;0.00052;0.004364
2020-09-25 05:30:00;0.0008399999999999999;0.004024
2020-09-25 05:45:00;0.00017999999999999998;0.004658
2020-09-25 06:00:00;-0.00015999999999999999;0.005045
2020-09-25 06:15:00;-0.00015999999999999999;0.004892
2020-09-25 06:30:00;-0.00017999999999999998;0.0057599999999999995
2020-09-25 06:45:00;-0.00016999999999999999;0.005712
2020-09-25 07:00:00;-0.00016999999999999999;0.005294999999999999
2020-09-25 07:15:00;0.0006399999999999999;0.008509
2020-09-25 07:30:00;0.00031;0.010775999999999999
2020-09-25 07:45:00;-0.00069;0.009767
2020-09-25 08:00:00;-0.0017;0.018005999999999998
2020-09-25 08:15:00;-0.00231;0.019128
2020-09-25 08:30:00;-0.00265;0.01863
2020-09-25 08:45:00;-0.0033699999999999997;0.015337
2020-09-25 09:00:00;-0.00405;0.016607999999999998
2020-09-25 09:15:00;-0.00531;0.019406
2020-09-25 09:30:00;-0.00637;0.020495
2020-09-25 09:45:00;-0.005869999999999999;0.019732
2020-09-25 10:00:00;-0.00447;0.018067
2020-09-25 10:15:00;-0.00586;0.020638999999999998
2020-09-25 10:30:00;-0.007019999999999999;0.02095
2020-09-25 10:45:00;-0.009269999999999999;0.018831999999999998
2020-09-25 11:00:00;-0.01096;0.018923
2020-09-25 11:15:00;-0.01585;0.018791
2020-09-25 11:30:00;-0.02712;0.024494
2020-09-25 11:45:00;-0.029449999999999997;0.032317
2020-09-25 12:00:00;-0.02574;0.02725
2020-09-25 12:15:00;-0.02376;0.020506
2020-09-25 12:30:00;-0.02385;0.01697
2020-09-25 12:45:00;-0.025339999999999998;0.018942999999999998
2020-09-25 13:00:00;-0.02754;0.017960999999999998
2020-09-25 13:15:00;-0.03052;0.021977999999999998
2020-09-25 13:30:00;-0.030629999999999998;0.017918
2020-09-25 13:45:00;-0.03093;0.017377
2020-09-25 14:00:00;-0.03197;0.023753
2020-09-25 14:15:00;-0.02233;0.021075
2020-09-25 14:30:00;-0.01616;0.007885999999999999
2020-09-25 14:45:00;-0.02362;0.015638
2020-09-25 15:00:00;-0.02235;-0.000147
2020-09-25 15:15:00;-0.02354;0.008771
2020-09-25 15:30:00;-0.03093;0.010936999999999999
2020-09-25 15:45:00;-0.03907;0.032284
2020-09-25 16:00:00;-0.02309;0.032845
2020-09-25 16:15:00;-0.0057599999999999995;0.013796
2020-09-25 16:30:00;-0.0179;0.028503999999999998
2020-09-25 16:45:00;-0.02054;0.038271
2020-09-25 17:00:00;-0.00966;0.023538
2020-09-25 17:15:00;-0.00741;0.025549
2020-09-25 17:30:00;-0.00214;0.01702
2020-09-25 17:45:00;-0.01102;0.024298999999999998
2020-09-25 18:00:00;-0.00722;0.024079999999999997
2020-09-25 18:15:00;-0.0022199999999999998;0.019083
2020-09-25 18:30:00;-0.0013499999999999999;0.019229
2020-09-25 18:45:00;-0.00107;0.019771
2020-09-25 19:00:00;-0.00116;0.038366
2020-09-25 19:15:00;-0.00023999999999999998;0.040997
2020-09-25 19:30:00;-0.00018999999999999998;0.039855
2020-09-25 19:45:00;-0.00015999999999999999;0.04147
2020-09-25 20:00:00;0.00011999999999999999;0.042275
2020-09-25 20:15:00;0.00058;0.040554
2020-09-25 20:30:00;-0.00015999999999999999;0.039393
2020-09-25 20:45:00;-0.00015999999999999999;0.036635
2020-09-25 21:00:00;-0.00015999999999999999;0.03574
2020-09-25 21:15:00;0.0005;0.036004999999999995
2020-09-25 21:30:00;0.00086;0.035006999999999996
2020-09-25 21:45:00;-5.9999999999999995e-05;0.034783
2020-09-25 22:00:00;-0.00015999999999999999;0.032261
2020-09-25 22:15:00;-0.00016999999999999999;0.027386999999999998
2020-09-25 22:30:00;-0.00015999999999999999;0.011632
2020-09-25 22:45:00;-0.00016999999999999999;0.007829
2020-09-25 23:00:00;-0.00016999999999999999;0.00819
2020-09-25 23:15:00;0.00078;0.0042109999999999995
2020-09-25 23:30:00;2.9999999999999997e-05;0.004384
2020-09-25 23:45:00;-0.00016999999999999999;0.004052
2020-09-26 00:00:00;-0.00017999999999999998;0.004325
2020-09-26 00:15:00;-0.00017999999999999998;0.004885
2020-09-26 00:30:00;0.0007199999999999999;0.003841
2020-09-26 00:45:00;0.00039;0.004334
2020-09-26 01:00:00;0.00022999999999999998;0.004168
2020-09-26 01:15:00;0.00021999999999999998;0.003981999999999999
2020-09-26 01:30:00;0.00021999999999999998;0.004418
2020-09-26 01:45:00;0.00020999999999999998;0.004716
2020-09-26 02:00:00;0.00022999999999999998;0.004266
2020-09-26 02:15:00;0.00021999999999999998;0.003919
2020-09-26 02:30:00;0.00022999999999999998;0.003909999999999999
2020-09-26 02:45:00;0.00021999999999999998;0.004444
2020-09-26 03:00:00;0.00021999999999999998;0.004248
2020-09-26 03:15:00;0.00022999999999999998;0.003992
2020-09-26 03:30:00;0.00021999999999999998;0.003815
2020-09-26 03:45:00;0.00021999999999999998;0.00431
2020-09-26 04:00:00;0.00021999999999999998;0.004319
2020-09-26 04:15:00;0.00022999999999999998;0.003685
2020-09-26 04:30:00;0.00021999999999999998;0.003934
2020-09-26 04:45:00;0.00021999999999999998;0.004256
2020-09-26 05:00:00;0.00022999999999999998;0.00415
2020-09-26 05:15:00;0.00022999999999999998;0.004181
2020-09-26 05:30:00;0.00020999999999999998;0.00398
2020-09-26 05:45:00;0.00020999999999999998;0.004187
2020-09-26 06:00:00;0.00023999999999999998;0.004273
2020-09-26 06:15:00;0.00022999999999999998;0.0043289999999999995
2020-09-26 06:30:00;0.00021999999999999998;0.0059099999999999995
2020-09-26 06:45:00;0.00020999999999999998;0.005958
2020-09-26 07:00:00;0.00020999999999999998;0.006947999999999999
2020-09-26 07:15:00;0.00020999999999999998;0.007219
2020-09-26 07:30:00;0.00020999999999999998;0.005196999999999999
2020-09-26 07:45:00;2.9999999999999997e-05;0.00581
2020-09-26 08:00:00;-0.00098;0.007385
2020-09-26 08:15:00;-0.0016099999999999999;0.008164
2020-09-26 08:30:00;-0.0025399999999999997;0.0050539999999999995
2020-09-26 08:45:00;-0.00637;0.0074399999999999996
2020-09-26 09:00:00;-0.01011;0.010981
2020-09-26 09:15:00;-0.013139999999999999;0.01987
2020-09-26 09:30:00;-0.01201;0.013729
2020-09-26 09:45:00;-0.01894;0.023348999999999998
2020-09-26 10:00:00;-0.017769999999999998;0.021358
2020-09-26 10:15:00;-0.022;0.017661
2020-09-26 10:30:00;-0.0343;0.02059
2020-09-26 10:45:00;-0.04384;0.007344
2020-09-26 11:00:00;-0.06434;0.035148
2020-09-26 11:15:00;-0.054639999999999994;0.041907
2020-09-26 11:30:00;-0.032709999999999996;0.020541
2020-09-26 11:45:00;-0.03644;0.031573
2020-09-26 12:00:00;-0.03192;0.023364
2020-09-26 12:15:00;-0.03094;0.029809
2020-09-26 12:30:00;-0.02328;0.011509
2020-09-26 12:45:00;-0.04008;0.023483
2020-09-26 13:00:00;-0.040729999999999995;0.026517
2020-09-26 13:15:00;-0.038919999999999996;0.004933
2020-09-26 13:30:00;-0.06566;0.030625
2020-09-26 13:45:00;-0.06448999999999999;0.038096
2020-09-26 14:00:00;-0.051469999999999995;0.042148
2020-09-26 14:15:00;-0.026869999999999998;0.009144
2020-09-26 14:30:00;-0.03711;0.013101999999999999
2020-09-26 14:45:00;-0.044149999999999995;0.026167
2020-09-26 15:00:00;-0.03744;0.022971
2020-09-26 15:15:00;-0.03265;0.023243999999999997
2020-09-26 15:30:00;-0.023379999999999998;0.012386
2020-09-26 15:45:00;-0.025009999999999998;0.012672
2020-09-26 16:00:00;-0.02546;0.015304
2020-09-26 16:15:00;-0.02434;0.022912
2020-09-26 16:30:00;-0.02052;0.021417
2020-09-26 16:45:00;-0.015149999999999999;0.018890999999999998
2020-09-26 17:00:00;-0.01167;0.018047999999999998
2020-09-26 17:15:00;-0.00861;0.016229999999999998
2020-09-26 17:30:00;-0.00701;0.029859
2020-09-26 17:45:00;-0.00588;0.020713
2020-09-26 18:00:00;-0.0042699999999999995;0.013209
2020-09-26 18:15:00;-0.0026999999999999997;0.013578999999999999
2020-09-26 18:30:00;-0.00213;0.00819
2020-09-26 18:45:00;-0.0019399999999999999;0.010289999999999999
2020-09-26 19:00:00;-0.0013499999999999999;0.011106
2020-09-26 19:15:00;-0.00043999999999999996;0.008935
2020-09-26 19:30:00;0.00011999999999999999;0.010983999999999999
2020-09-26 19:45:00;9.999999999999999e-05;0.009363999999999999
2020-09-26 20:00:00;0.0;0.014110999999999999
2020-09-26 20:15:00;0.0;0.01475
2020-09-26 20:30:00;0.0;0.01215
2020-09-26 20:45:00;0.0;0.011257999999999999
2020-09-26 21:00:00;0.0;0.010688
2020-09-26 21:15:00;0.0;0.007745999999999999
2020-09-26 21:30:00;0.0;0.008747999999999999
2020-09-26 21:45:00;0.0;0.007417999999999999
2020-09-26 22:00:00;0.0;0.005967999999999999
2020-09-26 22:15:00;0.0;0.005835
2020-09-26 22:30:00;0.0;0.0050279999999999995
2020-09-26 22:45:00;0.0;0.004726
2020-09-26 23:00:00;0.0;0.0049169999999999995
2020-09-26 23:15:00;0.0;0.004543999999999999
2020-09-26 23:30:00;0.0;0.004429
2020-09-26 23:45:00;0.0;0.005025
2020-09-27 00:00:00;0.0;0.003935999999999999
2020-09-27 00:15:00;0.0;0.003884
2020-09-27 00:30:00;0.0;0.004123
2020-09-27 00:45:00;0.0;0.004144999999999999
2020-09-27 01:00:00;0.0;0.004118999999999999
2020-09-27 01:15:00;0.0;0.004199
2020-09-27 01:30:00;0.0;0.004301
2020-09-27 01:45:00;0.0;0.004358
2020-09-27 02:00:00;0.0;0.004318
2020-09-27 02:15:00;0.0;0.004339
2020-09-27 02:30:00;0.0;0.004025
2020-09-27 02:45:00;0.0;0.004399
2020-09-27 03:00:00;0.0;0.004162
2020-09-27 03:15:00;0.0;0.004193
2020-09-27 03:30:00;0.0;0.004478
2020-09-27 03:45:00;0.0;0.00421
2020-09-27 04:00:00;0.0;0.004345
2020-09-27 04:15:00;0.0;0.004177
2020-09-27 04:30:00;0.0;0.004343
2020-09-27 04:45:00;0.0;0.004238
2020-09-27 05:00:00;0.0;0.004206
2020-09-27 05:15:00;0.0;0.006271
2020-09-27 05:30:00;0.0;0.006340999999999999
2020-09-27 05:45:00;0.0;0.006516
2020-09-27 06:00:00;0.0;0.005091
2020-09-27 06:15:00;0.0;0.004265
2020-09-27 06:30:00;0.0;0.004251
2020-09-27 06:45:00;0.0;0.0043619999999999996
2020-09-27 07:00:00;0.0;0.004301999999999999
2020-09-27 07:15:00;0.0;0.0029579999999999997
2020-09-27 07:30:00;-0.0007999999999999999;0.0031999999999999997
2020-09-27 07:45:00;-0.00134;0.003261
2020-09-27 08:00:00;-0.00216;0.0029219999999999997
2020-09-27 08:15:00;-0.00347;0.002803
2020-09-27 08:30:00;-0.00581;0.004294
2020-09-27 08:45:00;-0.00842;0.004543
2020-09-27 09:00:00;-0.01027;0.01034
2020-09-27 09:15:00;-0.01188;0.009578
2020-09-27 09:30:00;-0.0152;0.007384
2020-09-27 09:45:00;-0.022109999999999998;0.009476
2020-09-27 10:00:00;-0.02776;0.013704
2020-09-27 10:15:00;-0.02939;0.018184
2020-09-27 10:30:00;-0.029689999999999998;0.029904
2020-09-27 10:45:00;-0.03582;0.004199
2020-09-27 11:00:00;-0.06649;0.029334
2020-09-27 11:15:00;-0.06917;0.03789
2020-09-27 11:30:00;-0.05837;0.032625999999999995
2020-09-27 11:45:00;-0.053529999999999994;0.018191
2020-09-27 12:00:00;-0.06394999999999999;0.02932
2020-09-27 12:15:00;-0.06278;0.028704999999999998
2020-09-27 12:30:00;-0.06785;0.021943999999999998
2020-09-27 12:45:00;-0.07742;0.027264
2020-09-27 13:00:00;-0.08376;0.044474
2020-09-27 13:15:00;-0.07102;0.040784999999999995
2020-09-27 13:30:00;-0.05966;0.028347999999999998
2020-09-27 13:45:00;-0.059;0.019206
2020-09-27 14:00:00;-0.07341;0.043193999999999996
2020-09-27 14:15:00;-0.05339;0.028453
2020-09-27 14:30:00;-0.04359;0.018577
2020-09-27 14:45:00;-0.0463;0.019943
2020-09-27 15:00:00;-0.047119999999999995;0.025848
2020-09-27 15:15:00;-0.04478;0.01023
2020-09-27 15:30:00;-0.06315;0.028016
2020-09-27 15:45:00;-0.05577;0.033763
2020-09-27 16:00:00;-0.03653;0.021598
2020-09-27 16:15:00;-0.03256;0.014653999999999999
2020-09-27 16:30:00;-0.03415;0.023443
2020-09-27 16:45:00;-0.02311;0.014077
2020-09-27 17:00:00;-0.019729999999999998;0.009863
2020-09-27 17:15:00;-0.02283;0.014718
2020-09-27 17:30:00;-0.02085;0.018369999999999997
2020-09-27 17:45:00;-0.01426;0.013224
2020-09-27 18:00:00;-0.00963;0.009906
2020-09-27 18:15:00;-0.00828;0.008759
2020-09-27 18:30:00;-0.00777;0.007514
2020-09-27 18:45:00;-0.00699;0.007457999999999999
2020-09-27 19:00:00;-0.00592;0.008675
2020-09-27 19:15:00;-0.00327;0.007409
2020-09-27 19:30:00;-7.999999999999999e-05;0.0052179999999999995
2020-09-27 19:45:00;0.00010999999999999999;0.005142
2020-09-27 20:00:00;0.0;0.005306
2020-09-27 20:15:00;0.0;0.004902
2020-09-27 20:30:00;0.0;0.005147
2020-09-27 20:45:00;0.0;0.004856
2020-09-27 21:00:00;0.0;0.005089
2020-09-27 21:15:00;0.0;0.004953
2020-09-27 21:30:00;0.0;0.0053809999999999995
2020-09-27 21:45:00;0.0;0.005561
2020-09-27 22:00:00;0.0;0.005741
2020-09-27 22:15:00;0.0;0.004725
2020-09-27 22:30:00;0.0;0.0043549999999999995
2020-09-27 22:45:00;0.0;0.004411
2020-09-27 23:00:00;0.0;0.004461
2020-09-27 23:15:00;0.0;0.004751
2020-09-27 23:30:00;0.0;0.004716
2020-09-27 23:45:00;0.0;0.004125
2020-09-28 00:00:00;0.0;0.004011
2020-09-28 00:15:00;0.0;0.005011
2020-09-28 00:30:00;0.0;0.004775
2020-09-28 00:45:00;0.0;0.004475
2020-09-28 01:00:00;0.0;0.004382
2020-09-28 01:15:00;0.0;0.004164
2020-09-28 01:30:00;0.0;0.004017
2020-09-28 01:45:00;0.0;0.004183
2020-09-28 02:00:00;0.0;0.004072
2020-09-28 02:15:00;0.0;0.0040089999999999995
2020-09-28 02:30:00;0.0;0.004285
2020-09-28 02:45:00;0.0;0.003984
2020-09-28 03:00:00;0.0;0.004115
2020-09-28 03:15:00;0.0;0.003967
2020-09-28 03:30:00;0.0;0.004523
2020-09-28 03:45:00;0.0;0.004419
2020-09-28 04:00:00;0.0;0.004541
2020-09-28 04:15:00;0.0;0.004251
2020-09-28 04:30:00;0.0;0.004117
2020-09-28 04:45:00;0.0;0.0038169999999999996
2020-09-28 05:00:00;0.0;0.004177
2020-09-28 05:15:00;0.0;0.003974
2020-09-28 05:30:00;0.0;0.004948
2020-09-28 05:45:00;0.0;0.005474
2020-09-28 06:00:00;0.0;0.0054269999999999995
2020-09-28 06:15:00;0.0;0.005987
2020-09-28 06:30:00;0.0;0.006633
2020-09-28 06:45:00;0.0;0.006352
2020-09-28 07:00:00;0.0;0.006428
2020-09-28 07:15:00;0.0;0.007329
2020-09-28 07:30:00;0.0;0.007124999999999999
2020-09-28 07:45:00;-0.00052;0.010308
2020-09-28 08:00:00;-0.0020599999999999998;0.013529
2020-09-28 08:15:00;-0.00332;0.011249
2020-09-28 08:30:00;-0.00537;0.00746
2020-09-28 08:45:00;-0.0078;0.008055
2020-09-28 09:00:00;-0.010289999999999999;0.015555
2020-09-28 09:15:00;-0.01189;0.016812
2020-09-28 09:30:00;-0.01407;0.027691
2020-09-28 09:45:00;-0.014419999999999999;0.020919
2020-09-28 10:00:00;-0.020649999999999998;0.016411
2020-09-28 10:15:00;-0.02955;0.022879999999999998
2020-09-28 10:30:00;-0.0325;0.026522999999999998
2020-09-28 10:45:00;-0.03335;0.020724
2020-09-28 11:00:00;-0.03796;0.021509
2020-09-28 11:15:00;-0.04901;0.018102999999999998
2020-09-28 11:30:00;-0.06455999999999999;0.028541999999999998
2020-09-28 11:45:00;-0.07901999999999999;0.036946
2020-09-28 12:00:00;-0.08918;0.041076999999999995
2020-09-28 12:15:00;-0.09111;0.040611
2020-09-28 12:30:00;-0.09497;0.04233
2020-09-28 12:45:00;-0.09805;0.053335
2020-09-28 13:00:00;-0.09094;0.039361
2020-09-28 13:15:00;-0.09484999999999999;0.048430999999999995
2020-09-28 13:30:00;-0.08532;0.030527
2020-09-28 13:45:00;-0.09520999999999999;0.048263
2020-09-28 14:00:00;-0.07626999999999999;0.020597
2020-09-28 14:15:00;-0.09888;0.046747
2020-09-28 14:30:00;-0.08777;0.033252
2020-09-28 14:45:00;-0.09318;0.039598
2020-09-28 15:00:00;-0.08843999999999999;0.038454999999999996
2020-09-28 15:15:00;-0.08177999999999999;0.040674999999999996
2020-09-28 15:30:00;-0.07668;0.027850999999999997
2020-09-28 15:45:00;-0.07987999999999999;0.036826
2020-09-28 16:00:00;-0.07286999999999999;0.035304999999999996
2020-09-28 16:15:00;-0.06949999999999999;0.038575
2020-09-28 16:30:00;-0.06247;0.040333
2020-09-28 16:45:00;-0.05654;0.038204999999999996
2020-09-28 17:00:00;-0.05192;0.045062
2020-09-28 17:15:00;-0.031689999999999996;0.027836
2020-09-28 17:30:00;-0.02946;0.034904
2020-09-28 17:45:00;-0.01343;0.024529
2020-09-28 18:00:00;-0.0070799999999999995;0.01867
2020-09-28 18:15:00;-0.006849999999999999;0.022286999999999998
2020-09-28 18:30:00;-0.00356;0.020023
2020-09-28 18:45:00;-0.00085;0.020794999999999998
2020-09-28 19:00:00;-0.00112;0.045349
2020-09-28 19:15:00;-0.00045;0.05024
2020-09-28 19:30:00;-8.999999999999999e-05;0.049719
2020-09-28 19:45:00;0.00023999999999999998;0.047505
2020-09-28 20:00:00;-0.00015;0.049610999999999995
2020-09-28 20:15:00;-9.999999999999999e-06;0.048527999999999995
2020-09-28 20:30:00;0.00085;0.034345
2020-09-28 20:45:00;-0.00013;0.021394
2020-09-28 21:00:00;-0.00016999999999999999;0.016725999999999998
2020-09-28 21:15:00;-0.00016999999999999999;0.01653
2020-09-28 21:30:00;-0.00016999999999999999;0.016449
2020-09-28 21:45:00;-0.00016999999999999999;0.014607
2020-09-28 22:00:00;-2.9999999999999997e-05;0.010801999999999999
2020-09-28 22:15:00;0.00085;0.010088
2020-09-28 22:30:00;-9.999999999999999e-05;0.009627
2020-09-28 22:45:00;-0.00016999999999999999;0.008126999999999999
2020-09-28 23:00:00;-0.00017999999999999998;0.006562999999999999
2020-09-28 23:15:00;-0.00016999999999999999;0.004932
2020-09-28 23:30:00;0.0006399999999999999;0.004729
2020-09-28 23:45:00;0.00086;0.003623
2020-09-29 00:00:00;-2.9999999999999997e-05;0.004313
2020-09-29 00:15:00;-0.00016999999999999999;0.004234
2020-09-29 00:30:00;-0.00016999999999999999;0.004214
2020-09-29 00:45:00;-0.00016999999999999999;0.0046819999999999995
2020-09-29 01:00:00;-0.00017999999999999998;0.004555
2020-09-29 01:15:00;-2.9999999999999997e-05;0.0049
2020-09-29 01:30:00;0.00085;0.003753
2020-09-29 01:45:00;-0.00014;0.0043089999999999995
2020-09-29 02:00:00;-0.00016999999999999999;0.004732
2020-09-29 02:15:00;-0.00016999999999999999;0.004168
2020-09-29 02:30:00;-0.00016999999999999999;0.004618
2020-09-29 02:45:00;0.00065;0.004063
2020-09-29 03:00:00;0.00085;0.0035299999999999997
2020-09-29 03:15:00;2.9999999999999997e-05;0.004367
2020-09-29 03:30:00;-0.00016999999999999999;0.004594
2020-09-29 03:45:00;-0.00016999999999999999;0.0041659999999999996
2020-09-29 04:00:00;-0.00016999999999999999;0.003999
2020-09-29 04:15:00;-0.00016999999999999999;0.004318
2020-09-29 04:30:00;-3.9999999999999996e-05;0.005094
2020-09-29 04:45:00;0.0008399999999999999;0.003454
2020-09-29 05:00:00;-2.9999999999999997e-05;0.00401
2020-09-29 05:15:00;-0.00016999999999999999;0.004259
2020-09-29 05:30:00;-0.00016999999999999999;0.00405
2020-09-29 05:45:00;-0.00016999999999999999;0.006068
2020-09-29 06:00:00;0.00037;0.005894
2020-09-29 06:15:00;0.00085;0.0052629999999999994
2020-09-29 06:30:00;0.00031999999999999997;0.005144
2020-09-29 06:45:00;-0.00016999999999999999;0.004677
2020-09-29 07:00:00;-0.00017999999999999998;0.007970999999999999
2020-09-29 07:15:00;-0.00016999999999999999;0.008151
2020-09-29 07:30:00;-0.00016999999999999999;0.008087
2020-09-29 07:45:00;-0.00015999999999999999;0.010530999999999999
2020-09-29 08:00:00;0.00041999999999999996;0.016498
2020-09-29 08:15:00;-0.0009;0.020912999999999998
2020-09-29 08:30:00;-0.0018;0.012039999999999999
2020-09-29 08:45:00;-0.00257;0.011722999999999999
2020-09-29 09:00:00;-0.00268;0.013139999999999999
2020-09-29 09:15:00;-0.00245;0.017685
2020-09-29 09:30:00;-0.0030499999999999998;0.014776
2020-09-29 09:45:00;-0.00584;0.022099999999999998
2020-09-29 10:00:00;-0.0075;0.019951999999999998
2020-09-29 10:15:00;-0.00864;0.022188
2020-09-29 10:30:00;-0.008029999999999999;0.017346
2020-09-29 10:45:00;-0.00836;0.016356
2020-09-29 11:00:00;-0.00789;0.018571
2020-09-29 11:15:00;-0.00827;0.018829
2020-09-29 11:30:00;-0.00998;0.020619
2020-09-29 11:45:00;-0.01296;0.024151
2020-09-29 12:00:00;-0.01414;0.021019
2020-09-29 12:15:00;-0.01325;0.021464999999999998
2020-09-29 12:30:00;-0.013529999999999999;0.021415999999999998
2020-09-29 12:45:00;-0.014079999999999999;0.018368
2020-09-29 13:00:00;-0.01492;0.012870999999999999
2020-09-29 13:15:00;-0.01966;0.011177999999999999
2020-09-29 13:30:00;-0.024229999999999998;0.015619
2020-09-29 13:45:00;-0.026609999999999998;0.017301
2020-09-29 14:00:00;-0.03067;0.013607
2020-09-29 14:15:00;-0.04434;0.01316
2020-09-29 14:30:00;-0.06102;0.029505999999999998
2020-09-29 14:45:00;-0.062029999999999995;0.023464
2020-09-29 15:00:00;-0.06658;0.03353
2020-09-29 15:15:00;-0.06166;0.014631
2020-09-29 15:30:00;-0.07282;0.043001
2020-09-29 15:45:00;-0.05177;0.025439999999999997
2020-09-29 16:00:00;-0.05298;0.036545999999999995
2020-09-29 16:15:00;-0.042859999999999995;0.032963
2020-09-29 16:30:00;-0.03439;0.025002
2020-09-29 16:45:00;-0.03448;0.026673
2020-09-29 17:00:00;-0.029589999999999998;0.039413
2020-09-29 17:15:00;-0.02277;0.032480999999999996
2020-09-29 17:30:00;-0.0172;0.022187
2020-09-29 17:45:00;-0.015;0.022876
2020-09-29 18:00:00;-0.01286;0.023500999999999998
2020-09-29 18:15:00;-0.00891;0.023070999999999998
2020-09-29 18:30:00;-0.00581;0.020581
2020-09-29 18:45:00;-0.00344;0.022810999999999998
2020-09-29 19:00:00;-0.0017699999999999999;0.019249
2020-09-29 19:15:00;-0.00065;0.042838
2020-09-29 19:30:00;0.00058;0.047709999999999995
2020-09-29 19:45:00;0.00085;0.045752999999999995
2020-09-29 20:00:00;0.00013;0.045114
2020-09-29 20:15:00;-0.00015;0.045623
2020-09-29 20:30:00;-0.00015999999999999999;0.039786999999999996
2020-09-29 20:45:00;-0.00015999999999999999;0.041409999999999995
2020-09-29 21:00:00;-0.00015999999999999999;0.022406
2020-09-29 21:15:00;-0.00015999999999999999;0.018508999999999998
2020-09-29 21:30:00;0.00043999999999999996;0.020106
2020-09-29 21:45:00;0.00052;0.015066
2020-09-29 22:00:00;-0.00015;0.012400999999999999
2020-09-29 22:15:00;-0.00017999999999999998;0.011491999999999999
2020-09-29 22:30:00;-0.00015999999999999999;0.008749
2020-09-29 22:45:00;-9.999999999999999e-05;0.00831
2020-09-29 23:00:00;0.00086;0.006809
2020-09-29 23:15:00;0.00073;0.006588999999999999
2020-09-29 23:30:00;-0.00016999999999999999;0.006181
2020-09-29 23:45:00;-0.00016999999999999999;0.006345
2020-09-30 00:00:00;-0.00017999999999999998;0.007057
2020-09-30 00:15:00;-0.00016999999999999999;0.006352
2020-09-30 00:30:00;-0.00017999999999999998;0.006594999999999999
2020-09-30 00:45:00;0.00031;0.0072
2020-09-30 01:00:00;0.0005899999999999999;0.005698
2020-09-30 01:15:00;-0.00016999999999999999;0.006183999999999999
2020-09-30 01:30:00;-0.00017999999999999998;0.007213
2020-09-30 01:45:00;-0.00016999999999999999;0.006142
2020-09-30 02:00:00;-9.999999999999999e-05;0.00761
2020-09-30 02:15:00;0.00085;0.005980999999999999
2020-09-30 02:30:00;0.00082;0.005068
2020-09-30 02:45:00;-0.00016999999999999999;0.0065829999999999994
2020-09-30 03:00:00;-0.00016999999999999999;0.0056619999999999995
2020-09-30 03:15:00;-0.00015;0.005534
2020-09-30 03:30:00;0.0;0.007647999999999999
2020-09-30 03:45:00;0.0;0.0057929999999999995
2020-09-30 04:00:00;0.0;0.007063
2020-09-30 04:15:00;0.0;0.006477
2020-09-30 04:30:00;0.0;0.006405
2020-09-30 04:45:00;0.0;0.007378
2020-09-30 05:00:00;0.0;0.0058189999999999995
2020-09-30 05:15:00;0.0;0.0075
2020-09-30 05:30:00;0.0;0.005691
2020-09-30 05:45:00;0.0;0.005643
2020-09-30 06:00:00;0.0;0.007864
2020-09-30 06:15:00;0.0;0.007259
2020-09-30 06:30:00;0.0;0.008419
2020-09-30 06:45:00;0.0;0.006300999999999999
2020-09-30 07:00:00;0.0;0.008612
2020-09-30 07:15:00;0.0;0.009093
2020-09-30 07:30:00;0.0;0.008675
2020-09-30 07:45:00;-0.00035;0.007116
2020-09-30 08:00:00;-0.00124;0.014917
2020-09-30 08:15:00;-0.00276;0.019544
2020-09-30 08:30:00;-0.00467;0.015882999999999998
2020-09-30 08:45:00;-0.005719999999999999;0.009894
2020-09-30 09:00:00;-0.01643;0.016583
2020-09-30 09:15:00;-0.02268;0.022215
2020-09-30 09:30:00;-0.03179;0.028236999999999998
2020-09-30 09:45:00;-0.038829999999999996;0.028544999999999997
2020-09-30 10:00:00;-0.04578;0.027368999999999997
2020-09-30 10:15:00;-0.05214;0.028238
2020-09-30 10:30:00;-0.05679;0.032115
2020-09-30 10:45:00;-0.06088;0.030746
2020-09-30 11:00:00;-0.06525;0.032251
2020-09-30 11:15:00;-0.06926;0.03202
2020-09-30 11:30:00;-0.07304999999999999;0.034704
2020-09-30 11:45:00;-0.07719999999999999;0.039002999999999996
2020-09-30 12:00:00;-0.07901;0.036121
2020-09-30 12:15:00;-0.0807;0.036036
2020-09-30 12:30:00;-0.0833;0.039325
2020-09-30 12:45:00;-0.08402;0.036562
2020-09-30 13:00:00;-0.08478;0.040177
2020-09-30 13:15:00;-0.08481;0.037986
2020-09-30 13:30:00;-0.08466;0.039042
2020-09-30 13:45:00;-0.08526;0.038409
2020-09-30 14:00:00;-0.08489;0.040517
2020-09-30 14:15:00;-0.08466;0.039568
2020-09-30 14:30:00;-0.08256;0.037675
2020-09-30 14:45:00;-0.08123;0.035469
2020-09-30 15:00:00;-0.07897;0.035494
2020-09-30 15:15:00;-0.07683;0.034393
2020-09-30 15:30:00;-0.07264;0.031605
2020-09-30 15:45:00;-0.06953;0.035796999999999995
2020-09-30 16:00:00;-0.06407;0.035716
2020-09-30 16:15:00;-0.05898;0.032422
2020-09-30 16:30:00;-0.0545;0.034664
2020-09-30 16:45:00;-0.05004;0.031842999999999996
2020-09-30 17:00:00;-0.04358;0.038014
2020-09-30 17:15:00;-0.03696;0.033455
2020-09-30 17:30:00;-0.030559999999999997;0.030254999999999997
2020-09-30 17:45:00;-0.02434;0.024731
2020-09-30 18:00:00;-0.01834;0.028182
2020-09-30 18:15:00;-0.012119999999999999;0.027906999999999998
2020-09-30 18:30:00;-0.00698;0.023774
2020-09-30 18:45:00;-0.00251;0.032719
2020-09-30 19:00:00;-0.00056;0.036883
2020-09-30 19:15:00;-0.00056;0.039457
2020-09-30 19:30:00;-0.00021999999999999998;0.061655999999999996
2020-09-30 19:45:00;-0.00015;0.062443
2020-09-30 20:00:00;-0.00015;0.059965
2020-09-30 20:15:00;0.0007;0.060185999999999996
2020-09-30 20:30:00;0.00011999999999999999;0.053182999999999994
2020-09-30 20:45:00;-0.00015999999999999999;0.039966
2020-09-30 21:00:00;-0.00015999999999999999;0.038017999999999996
2020-09-30 21:15:00;-0.00015999999999999999;0.025703999999999998
2020-09-30 21:30:00;0.00037;0.015002
2020-09-30 21:45:00;0.00085;0.011559999999999999
2020-09-30 22:00:00;0.00016999999999999999;0.013583
2020-09-30 22:15:00;-0.00016999999999999999;0.012007
2020-09-30 22:30:00;-0.00016999999999999999;0.01107
2020-09-30 22:45:00;-0.00016999999999999999;0.008799
2020-09-30 23:00:00;-0.00016999999999999999;0.008629
2020-09-30 23:15:00;-0.00016999999999999999;0.006862999999999999
2020-09-30 23:30:00;0.00078;0.005725999999999999
2020-09-30 23:45:00;0.00016999999999999999;0.006437
