DateHeure,P_NET_TRAFO,V_avg_trafo,P_TENNIS,V_avg_tennis
2020-09-18 10:45:00,30157.0,236.4,-57660.0,240.5760836686252
2020-09-18 11:00:00,33834.0,236.13,-62510.0,241.7481047150801
2020-09-18 11:15:00,30965.0,235.85,-67560.0,241.73078420700443
2020-09-18 11:30:00,34546.0,236.32,-70590.0,242.78156169692954
2020-09-18 11:45:00,39003.0,236.03,-73660.0,243.20880089612987
2020-09-18 12:00:00,35414.0,236.35,-75920.0,242.85661723192416
2020-09-18 12:15:00,35459.0,235.88,-78340.0,244.08637330529808
2020-09-18 12:30:00,37980.0,235.67,-81750.0,243.5725315657193
2020-09-18 12:45:00,34744.0,236.39,-83780.0,244.45587747757943
2020-09-18 13:00:00,38353.0,236.53,-83570.0,245.7375950751804
2020-09-18 13:15:00,37142.0,235.71,-83620.0,245.22375333560169
2020-09-18 13:30:00,34296.0,235.65,-85020.0,244.71568509871483
2020-09-18 13:45:00,37310.0,236.15,-85630.0,245.52974897827212
2020-09-18 14:00:00,40644.0,236.2,-84590.0,245.62789852403444
2020-09-18 14:15:00,38305.0,236.29,-83790.0,245.0505482548448
2020-09-18 14:30:00,39234.0,236.1,-82860.0,245.2988088705963
2020-09-18 14:45:00,41215.0,236.0,-82080.0,244.7560996175581
2020-09-18 15:00:00,35049.0,236.35,-81130.0,244.31731341297402
2020-09-18 15:15:00,41189.0,236.4,-79070.0,245.39695841635856
2020-09-18 15:30:00,42751.0,236.59,-75060.0,243.75151014916813
2020-09-18 15:45:00,46404.0,236.84,-71040.0,243.1568393719028
2020-09-18 16:00:00,43105.0,238.46,-68010.0,242.31390797888596
2020-09-18 16:15:00,36831.0,238.85,-63480.0,243.33004445265968
2020-09-18 16:30:00,34355.0,238.72,-58050.0,243.91894172723312
2020-09-18 16:45:00,28219.0,238.42,-53340.0,243.5090230361085
2020-09-18 17:00:00,32890.0,237.58,-48710.0,243.3358179553516
2020-09-18 17:15:00,36074.0,237.66,-42070.0,240.7031007278469
2020-09-18 17:30:00,33881.0,237.88,-36510.0,239.42715663293785
2020-09-18 17:45:00,40539.0,238.05,-28100.0,239.0056909364294
2020-09-18 18:00:00,28923.0,238.21,-17770.0,236.25173015239486
2020-09-18 18:15:00,24262.0,238.42,-16810.0,236.3325591900814
2020-09-18 18:30:00,20863.0,239.12,-12570.0,237.12352905887118
2020-09-18 18:45:00,20983.0,238.98,-8950.0,237.89140491689344
2020-09-18 19:00:00,21098.0,238.34,-3850.0,236.92722996734676
2020-09-18 19:15:00,32824.0,237.56,-1310.0,235.3106492136158
2020-09-18 19:30:00,52421.0,236.99,-30.0,232.29688080844602
2020-09-18 19:45:00,60846.0,237.01,260.0,227.73581368184793
2020-09-18 20:00:00,60012.0,237.12,-180.0,226.5580191327011
2020-09-18 20:15:00,58877.0,237.02,-150.0,226.40213456001985
2020-09-18 20:30:00,59305.0,236.86,-150.0,226.54069862462535
2020-09-18 20:45:00,57055.0,237.2,-150.0,226.82360025652832
2020-09-18 21:00:00,58521.0,236.52,-150.0,227.1873309261177
2020-09-18 21:15:00,53341.0,237.13,650.0,225.94602784736009
2020-09-18 21:30:00,32008.0,235.67,180.0,227.79932221145881
2020-09-18 21:45:00,23721.0,236.06,-160.0,230.29924887704982
2020-09-18 22:00:00,19896.0,236.59,-150.0,231.45972291812095
2020-09-18 22:15:00,20292.0,236.76,-150.0,232.86845757494362
2020-09-18 22:30:00,12789.0,237.18,510.0,232.93196610455453
2020-09-18 22:45:00,4499.0,237.61,860.0,234.57741437174496
2020-09-18 23:00:00,5828.0,236.81,40.0,236.39606771969227
2020-09-18 23:15:00,5439.0,237.03,-170.0,235.44921327822132
2020-09-18 23:30:00,5367.0,237.59,-170.0,235.83026445588646
2020-09-18 23:45:00,5204.0,236.73,-170.0,236.5173112762221
2020-09-19 00:00:00,5117.0,237.27,-170.0,235.67437988320526
2020-09-19 00:15:00,5299.0,238.5,-170.0,236.136260098557
2020-09-19 00:30:00,4155.0,239.4,730.0,237.354469166547
2020-09-19 00:45:00,5940.0,239.39,180.0,238.17430654879632
2020-09-19 01:00:00,4628.0,236.05,-190.0,237.9491399438124
2020-09-19 01:15:00,4842.0,236.46,-170.0,234.92382453325874
2020-09-19 01:30:00,5375.0,236.39,-180.0,235.4145722620699
2020-09-19 01:45:00,4514.0,236.7,270.0,235.24136718131302
2020-09-19 02:00:00,4487.0,236.59,860.0,235.50117480244842
2020-09-19 02:15:00,4265.0,236.24,410.0,235.40879875937802
2020-09-19 02:30:00,5301.0,236.13,-170.0,235.21827317054547
2020-09-19 02:45:00,5321.0,236.44,-170.0,235.05661509517242
2020-09-19 03:00:00,4606.0,236.42,-170.0,235.25291418669684
2020-09-19 03:15:00,5029.0,236.51,-170.0,235.39725175399425
2020-09-19 03:30:00,4868.0,236.43,-170.0,235.43766627283748
2020-09-19 03:45:00,4891.0,236.48,310.0,235.4318927701456
2020-09-19 04:00:00,5668.0,236.86,650.0,235.18940565708598
2020-09-19 04:15:00,7052.0,237.14,-170.0,235.48962779706454
2020-09-19 04:30:00,8243.0,237.11,-170.0,235.6108713535944
2020-09-19 04:45:00,5351.0,237.47,-170.0,235.4203457647618
2020-09-19 05:00:00,5551.0,237.38,-170.0,236.30946517931386
2020-09-19 05:15:00,5755.0,237.46,850.0,236.07852507163798
2020-09-19 05:30:00,3445.0,237.54,870.0,235.9457345097244
2020-09-19 05:45:00,4496.0,237.55,-170.0,236.40761472507612
2020-09-19 06:00:00,7212.0,236.9,-170.0,236.32101218469762
2020-09-19 06:15:00,7116.0,236.81,-170.0,235.2471406840049
2020-09-19 06:30:00,7777.0,236.87,-170.0,235.17208514901023
2020-09-19 06:45:00,6719.0,236.92,-170.0,235.18940565708598
2020-09-19 07:00:00,5617.0,236.9,-100.0,235.3452902297672
2020-09-19 07:15:00,2174.0,236.44,250.0,235.3914782513023
2020-09-19 07:30:00,4014.0,236.5,-1230.0,235.32219621899955
2020-09-19 07:45:00,3883.0,236.59,-2910.0,235.576230337443
2020-09-19 08:00:00,6487.0,236.63,-5090.0,235.88222598011347
2020-09-19 08:15:00,6472.0,236.22,-4780.0,235.8591319693459
2020-09-19 08:30:00,5649.0,237.96,-4650.0,235.2644611920806
2020-09-19 08:45:00,6208.0,238.34,-6800.0,237.29673413962811
2020-09-19 09:00:00,17433.0,237.83,-10180.0,237.84521689535825
2020-09-19 09:15:00,13575.0,237.71,-13810.0,235.82449095319458
2020-09-19 09:30:00,14790.0,237.38,-16350.0,237.09466154541173
2020-09-19 09:45:00,20144.0,237.26,-12340.0,236.80598641081693
2020-09-19 10:00:00,21155.0,236.94,-4610.0,234.74484594980996
2020-09-19 10:15:00,13555.0,236.97,-6270.0,233.1513592068466
2020-09-19 10:30:00,19574.0,236.84,-13820.0,235.20095266246972
2020-09-19 10:45:00,14046.0,236.82,-18470.0,236.10739258509747
2020-09-19 11:00:00,26960.0,236.35,-31960.0,237.73552034421218
2020-09-19 11:15:00,30666.0,236.62,-30490.0,236.9618709834981
2020-09-19 11:30:00,19876.0,236.26,-22240.0,236.41916173045985
2020-09-19 11:45:00,34752.0,236.57,-23780.0,236.31523868200574
2020-09-19 12:00:00,32389.0,237.41,-16960.0,234.3580212694529
2020-09-19 12:15:00,20866.0,237.22,-12170.0,234.70443143096668
2020-09-19 12:30:00,26787.0,236.69,-18640.0,235.48962779706454
2020-09-19 12:45:00,27719.0,237.45,-17430.0,234.8141279821127
2020-09-19 13:00:00,17485.0,237.55,-18980.0,235.5415893212916
2020-09-19 13:15:00,21152.0,237.52,-20980.0,237.78748186843933
2020-09-19 13:30:00,31032.0,236.6,-21590.0,237.5854092742229
2020-09-19 13:45:00,24676.0,237.11,-15190.0,235.48962779706454
2020-09-19 14:00:00,13932.0,237.97,-10770.0,235.12012362478316
2020-09-19 14:15:00,19845.0,237.76,-13080.0,237.49880673384445
2020-09-19 14:30:00,16389.0,237.43,-11880.0,236.3383326927733
2020-09-19 14:45:00,10988.0,237.94,-14080.0,236.48844376276264
2020-09-19 15:00:00,13057.0,239.11,-16420.0,237.8856314142015
2020-09-19 15:15:00,11270.0,238.57,-13640.0,239.1615755091106
2020-09-19 15:30:00,14572.0,238.59,-15230.0,238.41102015916408
2020-09-19 15:45:00,18649.0,238.75,-17100.0,237.98378095996372
2020-09-19 16:00:00,18450.0,238.77,-13640.0,237.44684520961738
2020-09-19 16:15:00,7893.0,239.15,-10640.0,236.95609748080625
2020-09-19 16:30:00,-842.0,239.74,-19010.0,238.94218240681855
2020-09-19 16:45:00,27291.0,239.87,-48710.0,243.480155522649
2020-09-19 17:00:00,45108.0,238.25,-52140.0,244.53093301257408
2020-09-19 17:15:00,29845.0,238.86,-28520.0,239.28859256833232
2020-09-19 17:30:00,14071.0,238.76,-19860.0,238.95372941220236
2020-09-19 17:45:00,11404.0,238.86,-21630.0,239.7851137998354
2020-09-19 18:00:00,24942.0,237.77,-25470.0,240.5934041767009
2020-09-19 18:15:00,19961.0,235.81,-17550.0,237.78170836574742
2020-09-19 18:30:00,17198.0,236.45,-15480.0,234.87186300903167
2020-09-19 18:45:00,19271.0,236.48,-12070.0,235.7667559262756
2020-09-19 19:00:00,18226.0,236.06,-5180.0,234.99310656556148
2020-09-19 19:15:00,17204.0,236.54,-2330.0,233.2783762660683
2020-09-19 19:30:00,9546.0,237.03,-790.0,233.8788205460255
2020-09-19 19:45:00,15112.0,236.76,-50.0,235.05084159248042
2020-09-19 20:00:00,12211.0,236.52,830.0,233.8788205460255
2020-09-19 20:15:00,9954.0,236.48,40.0,234.2136837021555
2020-09-19 20:30:00,9710.0,236.63,-170.0,235.05084159248042
2020-09-19 20:45:00,9047.0,236.49,-170.0,234.8083544794208
2020-09-19 21:00:00,13681.0,236.92,-170.0,234.49658533405847
2020-09-19 21:15:00,7224.0,236.59,780.0,234.24832471830692
2020-09-19 21:30:00,5486.0,236.8,780.0,234.8141279821127
2020-09-19 21:45:00,5569.0,237.92,-170.0,235.42611926745369
2020-09-19 22:00:00,5243.0,238.73,-160.0,236.64432833544384
2020-09-19 22:15:00,5415.0,238.79,-170.0,237.7412938469041
2020-09-19 22:30:00,5748.0,238.53,-170.0,237.55654176076342
2020-09-19 22:45:00,6471.0,239.0,-170.0,237.41797769615795
2020-09-19 23:00:00,5533.0,239.1,100.0,237.6315972957581
2020-09-19 23:15:00,5102.0,236.96,850.0,237.77016136036357
2020-09-19 23:30:00,5359.0,236.48,-130.0,235.43766627283748
2020-09-19 23:45:00,4912.0,236.19,-170.0,235.3337432243834
2020-09-20 00:00:00,5167.0,235.98,-170.0,235.09702961401558
2020-09-20 00:15:00,4740.0,236.15,-170.0,234.87763651172355
2020-09-20 00:30:00,5785.0,236.36,510.0,234.99310656556148
2020-09-20 00:45:00,4367.0,237.11,840.0,234.9873330628696
2020-09-20 01:00:00,4247.0,236.53,180.0,236.07275156894607
2020-09-20 01:15:00,4801.0,236.26,-170.0,235.6166448562863
2020-09-20 01:30:00,5255.0,236.76,-170.0,235.05661509517242
2020-09-20 01:45:00,4822.0,236.97,-170.0,235.5704568347511
2020-09-20 02:00:00,4688.0,236.53,-170.0,235.80717044511886
2020-09-20 02:15:00,5646.0,236.61,-170.0,235.4549867809132
2020-09-20 02:30:00,5512.0,236.74,570.0,235.30487571092388
2020-09-20 02:45:00,4289.0,237.21,380.0,235.4318927701456
2020-09-20 03:00:00,5133.0,237.46,-170.0,236.09584557971368
2020-09-20 03:15:00,4395.0,237.55,-170.0,236.3672002062328
2020-09-20 03:30:00,5169.0,237.42,-170.0,236.5173112762221
2020-09-20 03:45:00,5152.0,237.62,100.0,236.3383326927733
2020-09-20 04:00:00,3816.0,238.31,840.0,236.413388227768
2020-09-20 04:15:00,4387.0,238.49,580.0,237.02537951310902
2020-09-20 04:30:00,4877.0,238.34,-170.0,237.21013159924962
2020-09-20 04:45:00,6405.0,238.45,-170.0,237.22745210732532
2020-09-20 05:00:00,4588.0,238.74,-170.0,237.11198205348742
2020-09-20 05:15:00,5167.0,238.72,-170.0,237.6085032849905
2020-09-20 05:30:00,4678.0,238.49,-180.0,237.4641657176931
2020-09-20 05:45:00,5081.0,238.4,230.0,237.23899911270917
2020-09-20 06:00:00,4094.0,237.9,710.0,237.0080590050333
2020-09-20 06:15:00,4857.0,237.44,-170.0,236.8233069188926
2020-09-20 06:30:00,4817.0,236.83,-170.0,236.30369167662198
2020-09-20 06:45:00,4902.0,236.54,-170.0,235.6686063805133
2020-09-20 07:00:00,5913.0,236.7,-170.0,235.299102208232
2020-09-20 07:15:00,3453.0,236.63,780.0,235.36261073784286
2020-09-20 07:30:00,2983.0,236.81,160.0,235.691700391281
2020-09-20 07:45:00,2008.0,237.47,-940.0,235.91686699626493
2020-09-20 08:00:00,2840.0,237.84,-3150.0,236.9618709834981
2020-09-20 08:15:00,4137.0,238.06,-5260.0,237.40065718808225
2020-09-20 08:30:00,296.0,237.38,-7930.0,237.77016136036357
2020-09-20 08:45:00,9091.0,237.8,-17090.0,238.38215264570462
2020-09-20 09:00:00,8871.0,237.61,-16350.0,238.5726782345372
2020-09-20 09:15:00,7683.0,236.62,-19380.0,238.4745286887749
2020-09-20 09:30:00,16079.0,236.48,-36740.0,238.53803721838582
2020-09-20 09:45:00,16913.0,236.33,-39860.0,239.65809674061367
2020-09-20 10:00:00,23790.0,236.33,-49400.0,240.974455354366
2020-09-20 10:15:00,28769.0,235.92,-54210.0,240.72042123592254
2020-09-20 10:30:00,30301.0,237.75,-56250.0,240.8416647924524
2020-09-20 10:45:00,26594.0,238.14,-58310.0,243.1568393719028
2020-09-20 11:00:00,30925.0,237.71,-63460.0,244.0170912729953
2020-09-20 11:15:00,33096.0,238.0,-66620.0,243.67645461417348
2020-09-20 11:30:00,35927.0,237.85,-73170.0,244.76764662294187
2020-09-20 11:45:00,34795.0,237.66,-73890.0,245.0216807413853
2020-09-20 12:00:00,40761.0,238.18,-76230.0,245.0216807413853
2020-09-20 12:15:00,26957.0,239.03,-70420.0,244.68104408256343
2020-09-20 12:30:00,29619.0,239.12,-77650.0,247.31953481276
2020-09-20 12:45:00,28840.0,239.49,-86710.0,248.2606157515391
2020-09-20 13:00:00,51333.0,239.52,-98860.0,250.22360666678384
2020-09-20 13:15:00,26839.0,239.62,-82180.0,248.7802309938097
2020-09-20 13:30:00,52291.0,239.68,-92670.0,250.50650829868675
2020-09-20 13:45:00,21876.0,240.27,-72250.0,247.23870577507347
2020-09-20 14:00:00,35812.0,239.52,-82740.0,250.14855113178916
2020-09-20 14:15:00,45056.0,239.67,-78170.0,248.42227382691215
2020-09-20 14:30:00,34086.0,239.77,-54230.0,245.63367202672632
2020-09-20 14:45:00,6356.0,239.89,-36750.0,243.16261287459469
2020-09-20 15:00:00,30552.0,240.11,-53300.0,245.8068771074832
2020-09-20 15:15:00,25802.0,239.89,-43700.0,244.17297584567655
2020-09-20 15:30:00,20764.0,239.48,-33380.0,243.1048778476757
2020-09-20 15:45:00,24893.0,239.6,-30280.0,242.06564736313442
2020-09-20 16:00:00,20013.0,239.35,-26960.0,240.89362631667944
2020-09-20 16:15:00,16759.0,239.26,-23790.0,240.2700880259547
2020-09-20 16:30:00,19156.0,239.11,-21630.0,240.085335939814
2020-09-20 16:45:00,23819.0,239.03,-18200.0,239.21931053602955
2020-09-20 17:00:00,16077.0,237.11,-10370.0,238.05883649495843
2020-09-20 17:15:00,11230.0,237.15,-4470.0,235.80139694242698
2020-09-20 17:30:00,9713.0,237.13,-3890.0,235.6281918616701
2020-09-20 17:45:00,7758.0,237.28,-4920.0,235.63973886705384
2020-09-20 18:00:00,7555.0,237.1,-9540.0,236.6962898596709
2020-09-20 18:15:00,11049.0,236.95,-9500.0,237.25054611809293
2020-09-20 18:30:00,6965.0,236.45,-4120.0,236.56927280044917
2020-09-20 18:45:00,4267.0,236.71,-2090.0,235.60509785090247
2020-09-20 19:00:00,4770.0,236.46,-1570.0,235.8764524774216
2020-09-20 19:15:00,4844.0,235.99,-1010.0,235.59932434821062
2020-09-20 19:30:00,4874.0,236.21,-350.0,235.02197407902096
2020-09-20 19:45:00,5010.0,236.4,770.0,235.1663116463184
2020-09-20 20:00:00,7382.0,236.15,820.0,235.03352108440475
2020-09-20 20:15:00,6697.0,236.1,30.0,234.4908118313665
2020-09-20 20:30:00,7328.0,236.49,-160.0,234.8660895063398
2020-09-20 20:45:00,6263.0,236.94,-170.0,234.9411450413344
2020-09-20 21:00:00,5157.0,236.71,-170.0,235.6512858724377
2020-09-20 21:15:00,5001.0,236.55,-170.0,235.4145722620699
2020-09-20 21:30:00,6273.0,236.31,-170.0,235.2933287055401
2020-09-20 21:45:00,5505.0,236.58,660.0,234.9757860574858
2020-09-20 22:00:00,4984.0,237.08,300.0,235.6108713535944
2020-09-20 22:15:00,4974.0,238.48,-170.0,236.09007207702183
2020-09-20 22:30:00,5855.0,238.23,-170.0,237.47571272307687
2020-09-20 22:45:00,4853.0,238.44,-180.0,236.81753341620072
2020-09-20 23:00:00,6448.0,238.15,90.0,237.23899911270917
2020-09-20 23:15:00,4163.0,238.57,850.0,236.7078368650547
2020-09-20 23:30:00,3575.0,238.65,580.0,237.38333668000652
2020-09-20 23:45:00,4913.0,238.15,-170.0,237.6315972957581
2020-09-21 00:00:00,4207.0,237.8,-180.0,237.07734103733605
2020-09-21 00:15:00,4619.0,237.68,-170.0,236.64432833544384
2020-09-21 00:30:00,4884.0,237.56,-170.0,236.4999907681464
2020-09-21 00:45:00,5346.0,237.33,-170.0,236.4768967573788
2020-09-21 01:00:00,5291.0,237.54,230.0,236.1535806066326
2020-09-21 01:15:00,4047.0,238.54,710.0,236.1824481200921
2020-09-21 01:30:00,4442.0,237.86,-180.0,237.53922125268772
2020-09-21 01:45:00,4030.0,238.53,-170.0,236.7078368650547
2020-09-21 02:00:00,8883.0,238.37,-170.0,237.49303323115262
2020-09-21 02:15:00,11197.0,238.94,-170.0,236.72515737313043
2020-09-21 02:30:00,9628.0,238.95,720.0,236.86372143773588
2020-09-21 02:45:00,9533.0,239.16,850.0,237.12930256156312
2020-09-21 03:00:00,10096.0,239.45,-30.0,237.25054611809293
2020-09-21 03:15:00,10037.0,237.39,-170.0,237.5969562796067
2020-09-21 03:30:00,10709.0,237.02,-170.0,235.50117480244842
2020-09-21 03:45:00,6236.0,237.08,-170.0,234.97001255479398
2020-09-21 04:00:00,4630.0,237.31,-170.0,235.78407643435128
2020-09-21 04:15:00,5791.0,238.78,-170.0,236.32101218469762
2020-09-21 04:30:00,3671.0,238.69,840.0,237.33137515577945
2020-09-21 04:45:00,4441.0,239.84,160.0,237.49880673384445
2020-09-21 05:00:00,4492.0,238.31,-180.0,238.76897732606162
2020-09-21 05:15:00,4231.0,237.63,-170.0,237.16394357771446
2020-09-21 05:30:00,6134.0,237.31,-170.0,236.66742234621142
2020-09-21 05:45:00,6399.0,236.04,300.0,235.92841400164866
2020-09-21 06:00:00,6745.0,236.32,850.0,234.38111528022046
2020-09-21 06:15:00,5189.0,236.48,440.0,234.7217519390424
2020-09-21 06:30:00,7195.0,235.79,-170.0,235.25291418669684
2020-09-21 06:45:00,5988.0,235.93,-160.0,234.39843578829615
2020-09-21 07:00:00,5661.0,238.02,-170.0,234.8199014848046
2020-09-21 07:15:00,5675.0,237.76,-170.0,236.5115377735302
2020-09-21 07:30:00,5106.0,236.96,-460.0,236.4307087358437
2020-09-21 07:45:00,3070.0,237.38,-750.0,235.72056790474042
2020-09-21 08:00:00,15230.0,238.33,-2210.0,236.3672002062328
2020-09-21 08:15:00,14582.0,238.28,-4560.0,235.69747389397284
2020-09-21 08:30:00,4938.0,238.66,-6070.0,236.40761472507612
2020-09-21 08:45:00,10497.0,238.73,-12070.0,238.50339620223443
2020-09-21 09:00:00,12632.0,237.9,-15700.0,238.9652764175861
2020-09-21 09:15:00,18174.0,236.99,-18180.0,238.22626807302342
2020-09-21 09:30:00,4631.0,237.36,-17380.0,236.46534975199503
2020-09-21 09:45:00,29723.0,236.99,-39940.0,239.51953267600814
2020-09-21 10:00:00,20683.0,236.84,-38740.0,239.20199002795383
2020-09-21 10:15:00,22140.0,236.93,-45940.0,239.91213085905716
2020-09-21 10:30:00,20408.0,236.87,-53550.0,241.60376714778272
2020-09-21 10:45:00,27191.0,237.0,-62710.0,243.0009547992216
2020-09-21 11:00:00,32959.0,236.17,-66170.0,243.1683863772866
2020-09-21 11:15:00,60312.0,236.08,-70730.0,241.87512177430185
2020-09-21 11:30:00,33080.0,236.08,-29760.0,237.03115301580087
2020-09-21 11:45:00,21145.0,236.34,-18340.0,234.92382453325874
2020-09-21 12:00:00,17671.0,236.63,-21920.0,234.9411450413344
2020-09-21 12:15:00,-17782.0,237.89,-35510.0,237.25631962078484
2020-09-21 12:30:00,90142.0,237.23,-99950.0,247.7814150281117
2020-09-21 12:45:00,27864.0,237.12,-33560.0,238.09925101380168
2020-09-21 13:00:00,20157.0,236.53,-32540.0,237.98378095996372
2020-09-21 13:15:00,24739.0,236.07,-33610.0,238.32441761878562
2020-09-21 13:30:00,24111.0,235.66,-30310.0,237.5969562796067
2020-09-21 13:45:00,22127.0,235.89,-26790.0,236.65010183813567
2020-09-21 14:00:00,21990.0,235.64,-28070.0,236.3845207143085
2020-09-21 14:15:00,19431.0,235.73,-26270.0,236.66164884351952
2020-09-21 14:30:00,17815.0,236.0,-24070.0,236.67896935159519
2020-09-21 14:45:00,17978.0,236.31,-22220.0,236.53463178429783
2020-09-21 15:00:00,14876.0,236.49,-23360.0,237.12352905887118
2020-09-21 15:15:00,16947.0,236.06,-23980.0,237.95491344650424
2020-09-21 15:30:00,19094.0,236.4,-23170.0,237.3891101826985
2020-09-21 15:45:00,17340.0,236.02,-23060.0,237.08311454002796
2020-09-21 16:00:00,16582.0,236.49,-24710.0,236.9445504754224
2020-09-21 16:15:00,20351.0,237.18,-25330.0,237.79325537113118
2020-09-21 16:30:00,20623.0,237.31,-22250.0,238.081930505726
2020-09-21 16:45:00,17229.0,237.9,-21460.0,237.56808876614724
2020-09-21 17:00:00,19078.0,238.15,-20950.0,238.5495842237696
2020-09-21 17:15:00,29166.0,238.73,-20470.0,238.1685330461044
2020-09-21 17:30:00,27702.0,238.49,-20390.0,237.55654176076342
2020-09-21 17:45:00,26866.0,238.35,-16510.0,237.5045802365364
2020-09-21 18:00:00,24473.0,238.1,-10920.0,236.19976862816785
2020-09-21 18:15:00,26232.0,236.8,-7240.0,234.97001255479398
2020-09-21 18:30:00,27363.0,236.71,-4400.0,233.05898316377625
2020-09-21 18:45:00,35137.0,235.86,-2720.0,232.348842332673
2020-09-21 19:00:00,51816.0,235.76,-670.0,228.78081766908107
2020-09-21 19:15:00,49909.0,235.31,490.0,226.2982115115657
2020-09-21 19:30:00,51950.0,235.52,720.0,225.88251931774917
2020-09-21 19:45:00,47842.0,235.81,70.0,226.62730116500381
2020-09-21 20:00:00,45324.0,235.51,-160.0,227.2392924503448
2020-09-21 20:15:00,40816.0,235.91,-150.0,227.47600606071254
2020-09-21 20:30:00,39260.0,236.4,-150.0,228.3304844591132
2020-09-21 20:45:00,38347.0,236.95,-160.0,228.78659117177298
2020-09-21 21:00:00,17533.0,238.12,-160.0,230.27615486628227
2020-09-21 21:15:00,12808.0,238.22,770.0,235.22982017592926
2020-09-21 21:30:00,9663.0,238.47,110.0,235.55890982936728
2020-09-21 21:45:00,8652.0,238.26,-170.0,236.76557189197362
2020-09-21 22:00:00,7918.0,236.68,-170.0,236.68474285428712
2020-09-21 22:15:00,11063.0,236.87,-170.0,235.21249966785354
2020-09-21 22:30:00,10197.0,236.39,640.0,235.10857661939946
2020-09-21 22:45:00,9528.0,236.43,850.0,234.5312263502098
2020-09-21 23:00:00,12213.0,237.85,-30.0,234.78526046865326
2020-09-21 23:15:00,13329.0,238.43,-170.0,235.74943541819988
2020-09-21 23:30:00,13040.0,238.64,-170.0,236.24595664970298
2020-09-21 23:45:00,12759.0,236.25,-170.0,236.29214467123813
2020-09-22 00:00:00,12208.0,236.96,-170.0,234.23100421023116
2020-09-22 00:15:00,13423.0,236.36,-170.0,234.66979041481528
2020-09-22 00:30:00,11680.0,236.44,780.0,233.93655557294446
2020-09-22 00:45:00,12345.0,236.64,170.0,234.10398715100948
2020-09-22 01:00:00,12413.0,236.94,-170.0,234.30028624253396
2020-09-22 01:15:00,12290.0,237.17,-170.0,234.6351493986639
2020-09-22 01:30:00,12774.0,237.34,-170.0,234.91227752787492
2020-09-22 01:45:00,11995.0,237.97,170.0,234.93537153864253
2020-09-22 02:00:00,11819.0,237.85,840.0,235.69747389397284
2020-09-22 02:15:00,11604.0,237.69,580.0,235.53004231590785
2020-09-22 02:30:00,11548.0,237.68,-170.0,235.68015338589714
2020-09-22 02:45:00,11712.0,237.74,-170.0,235.68592688858902
2020-09-22 03:00:00,11401.0,237.78,-170.0,235.69747389397284
2020-09-22 03:15:00,11896.0,237.7,-170.0,235.81294394781082
2020-09-22 03:30:00,11717.0,237.53,-170.0,235.6281918616701
2020-09-22 03:45:00,12077.0,237.05,170.0,235.6281918616701
2020-09-22 04:00:00,10265.0,237.16,770.0,234.8025809767289
2020-09-22 04:15:00,11326.0,237.97,-170.0,235.20095266246972
2020-09-22 04:30:00,10391.0,237.44,-170.0,236.01501654202715
2020-09-22 04:45:00,10108.0,237.5,-170.0,235.36838424053482
2020-09-22 05:00:00,10305.0,237.93,-170.0,235.80139694242698
2020-09-22 05:15:00,10915.0,237.52,640.0,235.96305501780012
2020-09-22 05:30:00,10756.0,236.28,840.0,235.36261073784286
2020-09-22 05:45:00,9945.0,235.67,110.0,234.01161110793916
2020-09-22 06:00:00,11007.0,237.33,-160.0,233.7922180056471
2020-09-22 06:15:00,11410.0,237.51,-170.0,235.35106373245904
2020-09-22 06:30:00,12027.0,237.38,-170.0,235.31642271630767
2020-09-22 06:45:00,7136.0,238.01,-170.0,235.2240466732373
2020-09-22 07:00:00,6288.0,237.33,-170.0,236.44225574122746
2020-09-22 07:15:00,5807.0,237.96,630.0,235.81294394781082
2020-09-22 07:30:00,6010.0,237.98,170.0,236.30369167662198
2020-09-22 07:45:00,9226.0,237.44,-1500.0,236.44225574122746
2020-09-22 08:00:00,16091.0,236.01,-2480.0,235.14899113824268
2020-09-22 08:15:00,9535.0,236.38,-3050.0,233.1686797149223
2020-09-22 08:30:00,6194.0,236.86,-3920.0,234.59473487982063
2020-09-22 08:45:00,4437.0,237.68,-6340.0,236.17667461740018
2020-09-22 09:00:00,9103.0,237.3,-11590.0,237.70665283075274
2020-09-22 09:15:00,16526.0,235.97,-15550.0,237.36024266923897
2020-09-22 09:30:00,17319.0,235.78,-13780.0,235.04506808978854
2020-09-22 09:45:00,22437.0,235.25,-12900.0,234.49658533405847
2020-09-22 10:00:00,6621.0,236.25,-14690.0,233.72870947603627
2020-09-22 10:15:00,25481.0,237.58,-36230.0,238.35905863493699
2020-09-22 10:30:00,26148.0,237.1,-43940.0,239.71583176753262
2020-09-22 10:45:00,39132.0,237.04,-39070.0,239.83130182137054
2020-09-22 11:00:00,23705.0,236.92,-20290.0,236.71938387043846
2020-09-22 11:15:00,23540.0,237.8,-19450.0,235.95150801241627
2020-09-22 11:30:00,20227.0,237.4,-19880.0,236.43648223853558
2020-09-22 11:45:00,19897.0,238.01,-25440.0,236.89836245388724
2020-09-22 12:00:00,31261.0,237.53,-32580.0,238.5553577264615
2020-09-22 12:15:00,33558.0,238.18,-33350.0,237.11198205348742
2020-09-22 12:30:00,22838.0,238.69,-28640.0,237.86831090612583
2020-09-22 12:45:00,17081.0,238.62,-30780.0,239.47334465447295
2020-09-22 13:00:00,18916.0,237.83,-39150.0,240.9917758624417
2020-09-22 13:15:00,39079.0,238.59,-51380.0,241.78274573123147
2020-09-22 13:30:00,24995.0,238.55,-34070.0,240.77815626284158
2020-09-22 13:45:00,19416.0,238.61,-27680.0,239.77934029714348
2020-09-22 14:00:00,24450.0,235.85,-27440.0,239.87748984290573
2020-09-22 14:15:00,9924.0,236.79,-27300.0,236.24595664970298
2020-09-22 14:30:00,15755.0,237.42,-38030.0,240.22967350711136
2020-09-22 14:45:00,713.0,238.48,-42950.0,241.3266390185717
2020-09-22 15:00:00,39808.0,238.19,-79480.0,246.16483427438075
2020-09-22 15:15:00,20061.0,238.01,-68730.0,245.63367202672632
2020-09-22 15:30:00,53414.0,237.14,-78570.0,246.8922956135597
2020-09-22 15:45:00,4625.0,235.77,-48630.0,241.48829709394482
2020-09-22 16:00:00,42068.0,238.68,-79970.0,244.5482535206498
2020-09-22 16:15:00,54192.0,238.41,-67870.0,245.58171050249925
2020-09-22 16:30:00,38540.0,238.06,-43190.0,240.81857078168483
2020-09-22 16:45:00,42708.0,238.19,-42040.0,239.640776232538
2020-09-22 17:00:00,32386.0,239.34,-29630.0,239.64654973522983
2020-09-22 17:15:00,33686.0,237.07,-24160.0,239.6176822217704
2020-09-22 17:30:00,25321.0,237.03,-20120.0,235.43766627283748
2020-09-22 17:45:00,23730.0,237.37,-16210.0,235.95150801241627
2020-09-22 18:00:00,19705.0,237.41,-14410.0,236.01501654202715
2020-09-22 18:15:00,29010.0,237.67,-15010.0,236.52308477891398
2020-09-22 18:30:00,25134.0,236.42,-7090.0,234.91805103056683
2020-09-22 18:45:00,19892.0,236.85,-750.0,232.60864995380837
2020-09-22 19:00:00,28881.0,236.82,-70.0,232.93773960724639
2020-09-22 19:15:00,48833.0,236.59,-660.0,231.68488952310489
2020-09-22 19:30:00,53087.0,234.69,-360.0,227.05454036420412
2020-09-22 19:45:00,55587.0,235.27,140.0,224.79132730898084
2020-09-22 20:00:00,46696.0,234.82,730.0,225.47260062662454
2020-09-22 20:15:00,57627.0,234.55,-140.0,226.0557243985061
2020-09-22 20:30:00,55165.0,234.36,-150.0,224.64121623899152
2020-09-22 20:45:00,50784.0,234.53,-140.0,224.79132730898084
2020-09-22 21:00:00,52952.0,234.4,-150.0,225.7208612423761
2020-09-22 21:15:00,29420.0,236.83,640.0,225.06845543819185
2020-09-22 21:30:00,21299.0,237.26,860.0,232.66638498072726
2020-09-22 21:45:00,23984.0,237.61,-150.0,233.74025648142003
2020-09-22 22:00:00,10950.0,237.36,-160.0,234.27141872907444
2020-09-22 22:15:00,10336.0,236.96,-170.0,236.188221622784
2020-09-22 22:30:00,8209.0,237.2,-170.0,235.6108713535944
2020-09-22 22:45:00,7619.0,237.28,-170.0,236.08429857432992
2020-09-22 23:00:00,7316.0,238.18,-170.0,236.5923668112168
2020-09-22 23:15:00,5620.0,238.24,850.0,237.29096063693618
2020-09-22 23:30:00,7097.0,238.45,110.0,237.48725972846063
2020-09-22 23:45:00,6711.0,238.17,-170.0,237.799028873823
2020-09-23 00:00:00,6314.0,238.25,-170.0,237.48725972846063
2020-09-23 00:15:00,7182.0,238.95,-190.0,237.64891780383374
2020-09-23 00:30:00,7172.0,236.84,310.0,238.05883649495843
2020-09-23 00:45:00,6111.0,237.08,850.0,235.89377298549732
2020-09-23 01:00:00,5634.0,237.4,380.0,236.29214467123813
2020-09-23 01:15:00,6983.0,237.92,-170.0,236.72515737313043
2020-09-23 01:30:00,6422.0,238.07,-170.0,237.23322561001723
2020-09-23 01:45:00,5734.0,237.84,-170.0,237.42375119884983
2020-09-23 02:00:00,7448.0,237.36,-170.0,237.01383250772517
2020-09-23 02:15:00,6227.0,237.66,-170.0,236.5461787896816
2020-09-23 02:30:00,6427.0,237.69,440.0,236.86372143773588
2020-09-23 02:45:00,7391.0,237.39,450.0,236.80598641081693
2020-09-23 03:00:00,6460.0,236.49,-170.0,236.6558753408276
2020-09-23 03:15:00,7098.0,236.19,-170.0,235.50694830514027
2020-09-23 03:30:00,7388.0,236.49,-170.0,235.23559367862114
2020-09-23 03:45:00,7220.0,236.23,-30.0,235.52426881321597
2020-09-23 04:00:00,5626.0,237.12,850.0,235.21827317054547
2020-09-23 04:15:00,5471.0,237.44,740.0,236.1131660877893
2020-09-23 04:30:00,7167.0,237.55,-170.0,236.48267026007076
2020-09-23 04:45:00,6165.0,237.78,-170.0,236.53463178429783
2020-09-23 05:00:00,5578.0,237.79,-170.0,237.02537951310902
2020-09-23 05:15:00,6846.0,237.36,-170.0,237.08311454002796
2020-09-23 05:30:00,5817.0,237.54,-170.0,236.53463178429783
2020-09-23 05:45:00,7406.0,237.31,100.0,236.46534975199503
2020-09-23 06:00:00,7250.0,236.6,850.0,236.0669780662542
2020-09-23 06:15:00,8589.0,236.72,-140.0,235.27023469477248
2020-09-23 06:30:00,9391.0,235.74,-170.0,235.59355084551868
2020-09-23 06:45:00,7552.0,235.38,-170.0,234.26564522638256
2020-09-23 07:00:00,9200.0,237.25,-170.0,234.48503832867462
2020-09-23 07:15:00,7563.0,236.73,440.0,235.7090208993566
2020-09-23 07:30:00,6812.0,236.37,750.0,235.1432176355508
2020-09-23 07:45:00,6333.0,236.46,120.0,234.42152979906373
2020-09-23 08:00:00,12715.0,236.84,-1210.0,234.73329894442617
2020-09-23 08:15:00,12514.0,237.33,-2360.0,234.16172217792843
2020-09-23 08:30:00,8265.0,237.21,-4510.0,234.6351493986639
2020-09-23 08:45:00,8300.0,237.46,-5910.0,235.63396536436198
2020-09-23 09:00:00,10616.0,236.57,-10100.0,236.58659330852487
2020-09-23 09:15:00,18069.0,235.27,-14440.0,235.5127218078321
2020-09-23 09:30:00,22112.0,235.72,-18350.0,233.9596495837121
2020-09-23 09:45:00,21733.0,235.65,-18060.0,234.84299549557215
2020-09-23 10:00:00,20799.0,235.51,-21590.0,234.91227752787492
2020-09-23 10:15:00,26787.0,236.02,-27370.0,235.83603795857837
2020-09-23 10:30:00,24724.0,236.47,-32210.0,236.2228626389354
2020-09-23 10:45:00,26197.0,236.68,-37640.0,237.71242633344463
2020-09-23 11:00:00,29707.0,236.78,-39270.0,238.95950291489424
2020-09-23 11:15:00,24224.0,237.01,-41550.0,238.5495842237696
2020-09-23 11:30:00,28755.0,237.22,-47390.0,239.80820781060294
2020-09-23 11:45:00,33914.0,237.29,-47450.0,240.17193848019244
2020-09-23 12:00:00,8777.0,236.14,-46930.0,239.42138313024589
2020-09-23 12:15:00,71345.0,236.24,-83420.0,242.8162027130809
2020-09-23 12:30:00,22407.0,236.49,-43120.0,238.243588581099
2020-09-23 12:45:00,12910.0,236.9,-57450.0,240.085335939814
2020-09-23 13:00:00,39363.0,236.87,-90530.0,245.55284298903976
2020-09-23 13:15:00,55964.0,236.54,-97850.0,246.5516589547378
2020-09-23 13:30:00,17943.0,236.25,-76820.0,244.16142884029273
2020-09-23 13:45:00,74474.0,236.97,-107450.0,248.0874106707822
2020-09-23 14:00:00,36832.0,235.6,-65440.0,242.7122796646268
2020-09-23 14:15:00,26207.0,238.39,-55930.0,241.1707544458905
2020-09-23 14:30:00,35619.0,238.23,-52730.0,243.5494375549517
2020-09-23 14:45:00,7723.0,239.07,-42880.0,241.19962195935003
2020-09-23 15:00:00,38641.0,238.07,-61890.0,245.2872618652125
2020-09-23 15:15:00,31453.0,236.4,-56040.0,242.8623907346161
2020-09-23 15:30:00,20394.0,236.23,-48870.0,240.29895553941415
2020-09-23 15:45:00,36539.0,236.65,-60170.0,241.979044822756
2020-09-23 16:00:00,23737.0,236.01,-49610.0,241.15343393781484
2020-09-23 16:15:00,42474.0,237.47,-51140.0,240.22967350711136
2020-09-23 16:30:00,7891.0,237.72,-37690.0,239.3290070871756
2020-09-23 16:45:00,35091.0,238.62,-61650.0,243.6013990791788
2020-09-23 17:00:00,37800.0,239.37,-54820.0,243.8034716733952
2020-09-23 17:15:00,41112.0,239.63,-45530.0,242.77001469154573
2020-09-23 17:30:00,38362.0,239.27,-38520.0,241.22848947280946
2020-09-23 17:45:00,35353.0,237.33,-30390.0,240.15461797211674
2020-09-23 18:00:00,25232.0,236.89,-20860.0,236.1535806066326
2020-09-23 18:15:00,21997.0,237.58,-17270.0,235.7090208993566
2020-09-23 18:30:00,25556.0,236.94,-14970.0,236.43648223853558
2020-09-23 18:45:00,21448.0,237.17,-6080.0,234.5254528475179
2020-09-23 19:00:00,24936.0,237.03,-2100.0,234.2367777129231
2020-09-23 19:15:00,38306.0,235.55,-1410.0,232.71834650495438
2020-09-23 19:30:00,54559.0,234.94,-550.0,229.1387748359787
2020-09-23 19:45:00,53763.0,235.11,660.0,224.25439155863447
2020-09-23 20:00:00,58020.0,235.44,850.0,224.71049827129426
2020-09-23 20:15:00,57760.0,235.78,60.0,224.90679736281876
2020-09-23 20:30:00,57942.0,235.95,-150.0,224.9876264005053
2020-09-23 20:45:00,47841.0,236.83,-150.0,225.57075017238682
2020-09-23 21:00:00,35003.0,237.04,-160.0,229.36394144096263
2020-09-23 21:15:00,15330.0,237.27,-160.0,231.45394941542907
2020-09-23 21:30:00,10201.0,237.07,-170.0,234.8141279821127
2020-09-23 21:45:00,8623.0,237.17,310.0,235.05661509517242
2020-09-23 22:00:00,6106.0,237.13,650.0,235.2240466732373
2020-09-23 22:15:00,6598.0,237.06,-160.0,235.68015338589714
2020-09-23 22:30:00,6990.0,237.09,-170.0,235.96882852049197
2020-09-23 22:45:00,5157.0,237.36,-170.0,235.70324739666472
2020-09-23 23:00:00,6060.0,237.92,-170.0,236.19399512547596
2020-09-23 23:15:00,4806.0,237.9,830.0,236.78289240004932
2020-09-23 23:30:00,4657.0,237.88,860.0,236.69051635697895
2020-09-23 23:45:00,5473.0,238.01,-170.0,236.9445504754224
2020-09-24 00:00:00,5122.0,239.08,-170.0,237.25631962078484
2020-09-24 00:15:00,4541.0,239.66,-170.0,238.11657152187738
2020-09-24 00:30:00,4866.0,238.78,-180.0,238.5726782345372
2020-09-24 00:45:00,5330.0,237.88,-180.0,237.48725972846063
2020-09-24 01:00:00,6181.0,237.44,30.0,237.0369265184928
2020-09-24 01:15:00,3668.0,238.72,840.0,236.26905066047058
2020-09-24 01:30:00,4986.0,238.84,-100.0,237.7528408522879
2020-09-24 01:45:00,4840.0,238.09,-170.0,237.82789638728252
2020-09-24 02:00:00,4356.0,236.98,-170.0,236.9618709834981
2020-09-24 02:15:00,5650.0,237.26,-170.0,236.14780710394072
2020-09-24 02:30:00,4778.0,237.19,500.0,236.0554310608704
2020-09-24 02:45:00,4071.0,237.12,850.0,236.16512761201645
2020-09-24 03:00:00,4527.0,237.04,170.0,235.88222598011347
2020-09-24 03:15:00,5232.0,236.83,-170.0,236.01501654202715
2020-09-24 03:30:00,4669.0,237.13,-160.0,235.81871745050262
2020-09-24 03:45:00,4486.0,236.65,-170.0,236.01501654202715
2020-09-24 04:00:00,5016.0,237.93,-170.0,235.63973886705384
2020-09-24 04:15:00,5454.0,238.13,-170.0,236.9618709834981
2020-09-24 04:30:00,5683.0,238.37,640.0,236.97341798888192
2020-09-24 04:45:00,7562.0,238.23,310.0,236.97341798888192
2020-09-24 05:00:00,7691.0,238.34,-170.0,236.80021290812505
2020-09-24 05:15:00,5312.0,238.39,-170.0,237.01383250772517
2020-09-24 05:30:00,4613.0,238.18,-170.0,237.39488368539037
2020-09-24 05:45:00,5274.0,238.36,160.0,237.00228550234138
2020-09-24 06:00:00,5438.0,237.57,840.0,237.2678666261686
2020-09-24 06:15:00,5407.0,236.57,580.0,236.07275156894607
2020-09-24 06:30:00,7147.0,235.75,-170.0,234.99888006825336
2020-09-24 06:45:00,6453.0,238.64,-160.0,234.0924401456257
2020-09-24 07:00:00,7051.0,237.8,-180.0,237.53344774999584
2020-09-24 07:15:00,8508.0,237.71,-170.0,235.7898499370432
2020-09-24 07:30:00,7959.0,237.81,-190.0,235.70324739666472
2020-09-24 07:45:00,6211.0,237.64,80.0,236.07275156894607
2020-09-24 08:00:00,15310.0,237.0,-670.0,235.95728151510815
2020-09-24 08:15:00,10903.0,237.09,-2560.0,234.0000641025553
2020-09-24 08:30:00,8481.0,236.9,-5260.0,235.17785865170217
2020-09-24 08:45:00,11561.0,236.94,-10090.0,235.47808079168078
2020-09-24 09:00:00,11297.0,237.23,-12430.0,236.0496575581785
2020-09-24 09:15:00,13460.0,236.95,-17890.0,237.0600205292604
2020-09-24 09:30:00,23794.0,236.33,-27040.0,237.51612724192012
2020-09-24 09:45:00,24906.0,236.34,-29160.0,236.88681544850346
2020-09-24 10:00:00,16795.0,236.61,-25630.0,237.00228550234138
2020-09-24 10:15:00,17352.0,236.93,-30960.0,237.70087932806084
2020-09-24 10:30:00,20580.0,236.73,-39890.0,239.55417369215957
2020-09-24 10:45:00,27923.0,236.45,-48910.0,240.36823757171692
2020-09-24 11:00:00,12834.0,236.58,-44120.0,239.9005838536733
2020-09-24 11:15:00,31961.0,236.5,-63550.0,242.61990362155646
2020-09-24 11:30:00,44782.0,236.43,-70380.0,241.2977715051122
2020-09-24 11:45:00,34906.0,237.01,-61040.0,241.4536560777934
2020-09-24 12:00:00,45995.0,236.41,-55850.0,241.16498094319854
2020-09-24 12:15:00,32991.0,237.06,-35580.0,237.40065718808225
2020-09-24 12:30:00,20670.0,237.59,-30630.0,236.9907384969576
2020-09-24 12:45:00,23059.0,236.94,-34060.0,239.15002850372682
2020-09-24 13:00:00,21260.0,236.67,-32990.0,238.58999874261286
2020-09-24 13:15:00,21957.0,235.94,-27870.0,238.18008005148826
2020-09-24 13:30:00,11080.0,236.4,-26830.0,236.95032397811437
2020-09-24 13:45:00,20304.0,236.3,-36120.0,238.8844473798996
2020-09-24 14:00:00,19145.0,236.06,-31320.0,238.64773376953187
2020-09-24 14:15:00,26615.0,235.77,-32250.0,237.89140491689344
2020-09-24 14:30:00,14145.0,236.37,-27240.0,236.3902942170004
2020-09-24 14:45:00,14465.0,236.56,-42600.0,239.21931053602955
2020-09-24 15:00:00,41892.0,236.72,-61140.0,241.53448511547995
2020-09-24 15:15:00,10687.0,236.46,-41800.0,239.80820781060294
2020-09-24 15:30:00,57278.0,236.45,-67010.0,242.4178310273401
2020-09-24 15:45:00,14339.0,236.22,-29640.0,237.57386226883912
2020-09-24 16:00:00,28863.0,236.73,-44340.0,238.70546879645082
2020-09-24 16:15:00,41807.0,236.8,-42540.0,239.50798567062438
2020-09-24 16:30:00,20051.0,236.56,-17980.0,236.01501654202715
2020-09-24 16:45:00,19129.0,237.36,-15890.0,235.58777734282685
2020-09-24 17:00:00,20840.0,237.72,-11400.0,236.14780710394072
2020-09-24 17:15:00,32523.0,237.75,-9940.0,235.40302525668613
2020-09-24 17:30:00,30554.0,237.8,-7700.0,233.1051711853114
2020-09-24 17:45:00,23454.0,237.86,-3380.0,233.84995303256602
2020-09-24 18:00:00,21459.0,238.69,-2340.0,233.78067100026328
2020-09-24 18:15:00,28045.0,238.37,-4370.0,234.43885030713943
2020-09-24 18:30:00,26926.0,236.11,-2530.0,233.2783762660683
2020-09-24 18:45:00,30511.0,235.8,-1740.0,231.2691973292884
2020-09-24 19:00:00,26212.0,235.35,-80.0,230.5359624874176
2020-09-24 19:15:00,37851.0,235.22,770.0,230.10294978552537
2020-09-24 19:30:00,38609.0,235.31,800.0,226.72545071076604
2020-09-24 19:45:00,39122.0,235.58,150.0,226.6330746676957
2020-09-24 20:00:00,40684.0,235.71,-150.0,227.3605360068746
2020-09-24 20:15:00,39358.0,235.75,-160.0,227.3605360068746
2020-09-24 20:30:00,37340.0,236.23,-150.0,227.77045469799927
2020-09-24 20:45:00,35096.0,236.83,-160.0,228.5614245667891
2020-09-24 21:00:00,26183.0,236.77,-150.0,229.34662093288696
2020-09-24 21:15:00,13648.0,236.56,510.0,231.96779115500786
2020-09-24 21:30:00,10925.0,236.41,370.0,233.8095385137228
2020-09-24 21:45:00,10662.0,236.73,-160.0,234.0058376052472
2020-09-24 22:00:00,13159.0,236.37,-160.0,234.78526046865326
2020-09-24 22:15:00,13067.0,236.37,-160.0,233.78644450295516
2020-09-24 22:30:00,7733.0,236.35,240.0,234.51967934482602
2020-09-24 22:45:00,7015.0,236.49,850.0,234.71597843635053
2020-09-24 23:00:00,4647.0,236.49,320.0,235.0104270736372
2020-09-24 23:15:00,4594.0,236.74,-170.0,235.40302525668613
2020-09-24 23:30:00,4716.0,236.6,-170.0,235.55890982936728
2020-09-24 23:45:00,4633.0,237.58,-170.0,235.7898499370432
2020-09-25 00:00:00,4828.0,237.91,-170.0,236.69051635697895
2020-09-25 00:15:00,5131.0,237.39,-170.0,236.9618709834981
2020-09-25 00:30:00,4580.0,237.78,440.0,236.45380274661125
2020-09-25 00:45:00,3995.0,237.71,510.0,236.45380274661125
2020-09-25 01:00:00,5323.0,237.78,-170.0,236.80021290812505
2020-09-25 01:15:00,4403.0,237.95,-170.0,236.72515737313043
2020-09-25 01:30:00,4810.0,237.89,-170.0,236.95609748080625
2020-09-25 01:45:00,5951.0,238.07,-100.0,237.00228550234138
2020-09-25 02:00:00,4780.0,238.05,840.0,237.00228550234138
2020-09-25 02:15:00,3609.0,237.82,790.0,236.98496499426568
2020-09-25 02:30:00,5069.0,238.11,-170.0,237.0369265184928
2020-09-25 02:45:00,4678.0,238.32,-170.0,237.25631962078484
2020-09-25 03:00:00,4494.0,238.79,-170.0,237.63737079845
2020-09-25 03:15:00,4738.0,238.82,-170.0,238.05883649495843
2020-09-25 03:30:00,5249.0,237.37,-170.0,237.91449892766101
2020-09-25 03:45:00,5090.0,237.78,40.0,236.3383326927733
2020-09-25 04:00:00,3674.0,237.63,840.0,237.01960601041702
2020-09-25 04:15:00,4482.0,237.3,-100.0,236.6558753408276
2020-09-25 04:30:00,4765.0,237.07,-170.0,236.40761472507612
2020-09-25 04:45:00,4993.0,237.09,-170.0,236.08429857432992
2020-09-25 05:00:00,5292.0,237.54,-170.0,236.0612045635623
2020-09-25 05:15:00,4364.0,237.82,520.0,236.74825138389798
2020-09-25 05:30:00,4024.0,237.05,840.0,236.5519522923735
2020-09-25 05:45:00,4658.0,237.45,180.0,236.10739258509747
2020-09-25 06:00:00,5045.0,236.24,-160.0,236.56927280044917
2020-09-25 06:15:00,4892.0,238.5,-160.0,235.03352108440475
2020-09-25 06:30:00,5760.0,238.23,-180.0,237.45839221500117
2020-09-25 06:45:00,5712.0,238.61,-170.0,236.89258895119536
2020-09-25 07:00:00,5295.0,237.44,-170.0,237.01383250772517
2020-09-25 07:15:00,8509.0,237.5,640.0,235.7321149101242
2020-09-25 07:30:00,10776.0,237.47,310.0,235.11435012209134
2020-09-25 07:45:00,9767.0,237.08,-690.0,234.4792648259827
2020-09-25 08:00:00,18006.0,236.44,-1700.0,234.60628188520442
2020-09-25 08:15:00,19128.0,236.46,-2310.0,232.81649605071658
2020-09-25 08:30:00,18630.0,236.68,-2650.0,232.77608153187333
2020-09-25 08:45:00,15337.0,236.6,-3370.0,233.15713270953847
2020-09-25 09:00:00,16608.0,236.44,-4050.0,233.42271383336566
2020-09-25 09:15:00,19406.0,236.6,-5310.0,233.30724377952782
2020-09-25 09:30:00,20495.0,236.27,-6370.0,232.81649605071658
2020-09-25 09:45:00,19732.0,236.74,-5870.0,232.8395900614842
2020-09-25 10:00:00,18067.0,236.75,-4470.0,233.34188479567916
2020-09-25 10:15:00,20639.0,236.65,-5860.0,233.3592053037549
2020-09-25 10:30:00,20950.0,237.27,-7020.0,232.73566701303002
2020-09-25 10:45:00,18832.0,237.03,-9270.0,234.0000641025553
2020-09-25 11:00:00,18923.0,237.32,-10960.0,234.2136837021555
2020-09-25 11:15:00,18791.0,237.42,-15850.0,234.6236023932801
2020-09-25 11:30:00,24494.0,237.73,-27120.0,236.07852507163798
2020-09-25 11:45:00,32317.0,236.4,-29450.0,237.10043504810363
2020-09-25 12:00:00,27250.0,237.16,-25740.0,234.38111528022046
2020-09-25 12:15:00,20506.0,237.68,-23760.0,236.19976862816785
2020-09-25 12:30:00,16970.0,237.34,-23850.0,237.64891780383374
2020-09-25 12:45:00,18943.0,237.01,-25340.0,237.93759293842862
2020-09-25 13:00:00,17961.0,236.82,-27540.0,237.45839221500117
2020-09-25 13:15:00,21978.0,236.8,-30520.0,238.33019112147755
2020-09-25 13:30:00,17918.0,236.2,-30630.0,237.37756317731464
2020-09-25 13:45:00,17377.0,237.93,-30930.0,237.7412938469041
2020-09-25 14:00:00,23753.0,238.59,-31970.0,240.1315239613492
2020-09-25 14:15:00,21075.0,239.07,-22330.0,239.2770455629485
2020-09-25 14:30:00,7886.0,239.31,-16160.0,238.84980636374817
2020-09-25 14:45:00,15638.0,239.19,-23620.0,240.4952546309386
2020-09-25 15:00:00,-147.0,239.46,-22350.0,239.1211609902673
2020-09-25 15:15:00,8771.0,238.84,-23540.0,239.29436607102426
2020-09-25 15:30:00,10937.0,239.12,-30930.0,240.37978457710068
2020-09-25 15:45:00,32284.0,238.73,-39070.0,242.16957041158847
2020-09-25 16:00:00,32845.0,238.45,-23090.0,239.3405540925594
2020-09-25 16:15:00,13796.0,239.05,-5760.0,235.72634140743236
2020-09-25 16:30:00,28504.0,239.55,-17900.0,237.34292216116324
2020-09-25 16:45:00,38271.0,239.63,-20540.0,238.0299689814989
2020-09-25 17:00:00,23538.0,238.45,-9660.0,236.4942172654545
2020-09-25 17:15:00,25549.0,238.2,-7410.0,235.3452902297672
2020-09-25 17:30:00,17020.0,238.16,-2140.0,234.25987172369068
2020-09-25 17:45:00,24299.0,238.29,-11020.0,234.5023588367503
2020-09-25 18:00:00,24080.0,238.3,-7220.0,235.03352108440475
2020-09-25 18:15:00,19083.0,238.09,-2220.0,234.3580212694529
2020-09-25 18:30:00,19229.0,237.97,-1350.0,234.5312263502098
2020-09-25 18:45:00,19771.0,237.68,-1070.0,234.30605974522584
2020-09-25 19:00:00,38366.0,237.02,-1160.0,233.88459404871742
2020-09-25 19:15:00,40997.0,235.77,-240.0,228.39976649141602
2020-09-25 19:30:00,39855.0,236.81,-190.0,226.86978827806342
2020-09-25 19:45:00,41470.0,238.15,-160.0,228.13418536758877
2020-09-25 20:00:00,42275.0,239.82,120.0,229.8142746509305
2020-09-25 20:15:00,40554.0,238.09,580.0,230.14336430436862
2020-09-25 20:30:00,39393.0,238.71,-160.0,228.83277919330817
2020-09-25 20:45:00,36635.0,238.37,-160.0,230.10294978552537
2020-09-25 21:00:00,35740.0,238.17,-160.0,230.5070949739581
2020-09-25 21:15:00,36005.0,237.93,500.0,229.80272764554675
2020-09-25 21:30:00,35007.0,238.36,860.0,229.9355182074604
2020-09-25 21:45:00,34783.0,237.9,-60.0,230.44358644434726
2020-09-25 22:00:00,32261.0,238.77,-160.0,230.20109933128757
2020-09-25 22:15:00,27387.0,238.69,-170.0,231.63870150156976
2020-09-25 22:30:00,11632.0,238.89,-160.0,232.9088720937869
2020-09-25 22:45:00,7829.0,238.5,-170.0,236.27482416316246
2020-09-25 23:00:00,8190.0,238.46,-170.0,236.68474285428712
2020-09-25 23:15:00,4211.0,239.08,780.0,236.28637116854625
2020-09-25 23:30:00,4384.0,239.42,30.0,237.5854092742229
2020-09-25 23:45:00,4052.0,239.76,-170.0,238.21472106763963
2020-09-26 00:00:00,4325.0,238.56,-180.0,238.17430654879632
2020-09-26 00:15:00,4885.0,239.16,-180.0,236.92722996734676
2020-09-26 00:30:00,3841.0,239.64,720.0,237.68933232267705
2020-09-26 00:45:00,4334.0,239.76,390.0,237.9953279653476
2020-09-26 01:00:00,4168.0,239.16,230.0,238.2320415757153
2020-09-26 01:15:00,3982.0,239.1,220.0,237.49303323115262
2020-09-26 01:30:00,4418.0,239.26,220.0,237.53344774999584
2020-09-26 01:45:00,4716.0,239.27,210.0,237.579635771531
2020-09-26 02:00:00,4266.0,238.96,230.0,237.40643069077413
2020-09-26 02:15:00,3919.0,238.77,220.0,237.21013159924962
2020-09-26 02:30:00,3910.0,238.62,230.0,237.40643069077413
2020-09-26 02:45:00,4444.0,238.58,220.0,237.2678666261686
2020-09-26 03:00:00,4248.0,238.96,220.0,237.07156753464412
2020-09-26 03:15:00,3992.0,238.82,230.0,237.64891780383374
2020-09-26 03:30:00,3815.0,238.41,220.0,237.36024266923897
2020-09-26 03:45:00,4310.0,238.64,220.0,237.02537951310902
2020-09-26 04:00:00,4319.0,239.82,220.0,237.2851871342443
2020-09-26 04:15:00,3685.0,239.45,230.0,237.97800745727184
2020-09-26 04:30:00,3934.0,239.22,220.0,237.85099039805016
2020-09-26 04:45:00,4256.0,239.74,220.0,237.47571272307687
2020-09-26 05:00:00,4150.0,239.36,230.0,238.15698604072062
2020-09-26 05:15:00,4181.0,239.4,230.0,237.77593486305545
2020-09-26 05:30:00,3980.0,239.74,210.0,237.98955446265563
2020-09-26 05:45:00,4187.0,239.04,210.0,238.38215264570462
2020-09-26 06:00:00,4273.0,238.71,240.0,237.6200502903743
2020-09-26 06:15:00,4329.0,239.18,230.0,237.48725972846063
2020-09-26 06:30:00,5910.0,238.86,220.0,237.63737079845
2020-09-26 06:45:00,5958.0,239.1,210.0,237.04270002118463
2020-09-26 07:00:00,6948.0,238.82,210.0,237.02537951310902
2020-09-26 07:15:00,7219.0,238.9,210.0,236.73670437851413
2020-09-26 07:30:00,5197.0,238.91,210.0,236.79443940543308
2020-09-26 07:45:00,5810.0,238.74,30.0,236.7424778812061
2020-09-26 08:00:00,7385.0,238.87,-980.0,236.6731958489033
2020-09-26 08:15:00,8164.0,238.61,-1610.0,236.72515737313043
2020-09-26 08:30:00,5054.0,238.86,-2540.0,236.3902942170004
2020-09-26 08:45:00,7440.0,238.67,-6370.0,236.98496499426568
2020-09-26 09:00:00,10981.0,238.41,-10110.0,237.86253740343395
2020-09-26 09:15:00,19870.0,238.29,-13140.0,237.2794136315524
2020-09-26 09:30:00,13729.0,238.73,-12010.0,236.5981403139086
2020-09-26 09:45:00,23349.0,238.25,-18940.0,237.8798579115096
2020-09-26 10:00:00,21358.0,238.25,-17770.0,237.3891101826985
2020-09-26 10:15:00,17661.0,238.36,-22000.0,237.45839221500117
2020-09-26 10:30:00,20590.0,238.52,-34300.0,239.62922922715416
2020-09-26 10:45:00,7344.0,239.16,-43840.0,241.40169455356636
2020-09-26 11:00:00,35148.0,239.25,-64340.0,245.06786876292045
2020-09-26 11:15:00,41907.0,238.7,-54640.0,243.84388619223847
2020-09-26 11:30:00,20541.0,238.49,-32710.0,239.9005838536733
2020-09-26 11:45:00,31573.0,238.48,-36440.0,240.10265644788967
2020-09-26 12:00:00,23364.0,239.04,-31920.0,238.36483213762887
2020-09-26 12:15:00,29809.0,238.55,-30940.0,239.73892577830026
2020-09-26 12:30:00,11509.0,239.02,-23280.0,238.05306299226646
2020-09-26 12:45:00,23483.0,239.63,-40080.0,241.1823014512743
2020-09-26 13:00:00,26517.0,239.2,-40730.0,241.7596517204639
2020-09-26 13:15:00,4933.0,239.7,-38920.0,241.12456642435527
2020-09-26 13:30:00,30625.0,239.92,-65660.0,245.8934796478616
2020-09-26 13:45:00,38096.0,239.54,-64490.0,245.87038563709405
2020-09-26 14:00:00,42148.0,239.3,-51470.0,243.9304887326169
2020-09-26 14:15:00,9144.0,239.71,-26870.0,240.3047290421061
2020-09-26 14:30:00,13102.0,239.38,-37110.0,242.52175407579418
2020-09-26 14:45:00,26167.0,239.28,-44150.0,242.90280525345935
2020-09-26 15:00:00,22971.0,238.86,-37440.0,241.6903696881612
2020-09-26 15:15:00,23244.0,239.1,-32650.0,240.32204955018173
2020-09-26 15:30:00,12386.0,239.09,-23380.0,239.83707532406243
2020-09-26 15:45:00,12672.0,239.35,-25010.0,240.1315239613492
2020-09-26 16:00:00,15304.0,239.37,-25460.0,240.4779341228629
2020-09-26 16:15:00,22912.0,239.76,-24340.0,239.93522486982468
2020-09-26 16:30:00,21417.0,239.66,-20520.0,238.7170158018346
2020-09-26 16:45:00,18891.0,239.21,-15150.0,238.1281185272612
2020-09-26 17:00:00,18048.0,239.85,-11670.0,237.4641657176931
2020-09-26 17:15:00,16230.0,239.53,-8610.0,237.37178967462276
2020-09-26 17:30:00,29859.0,238.61,-7010.0,237.00228550234138
2020-09-26 17:45:00,20713.0,238.32,-5880.0,234.34070076137718
2020-09-26 18:00:00,13209.0,239.34,-4270.0,235.5820038401349
2020-09-26 18:15:00,13579.0,239.57,-2700.0,236.93300347003864
2020-09-26 18:30:00,8190.0,238.65,-2130.0,236.8290804215845
2020-09-26 18:45:00,10290.0,238.98,-1940.0,236.77711889735744
2020-09-26 19:00:00,11106.0,239.89,-1350.0,236.52308477891398
2020-09-26 19:15:00,8935.0,239.17,-440.0,237.48725972846063
2020-09-26 19:30:00,10984.0,239.44,120.0,236.95609748080625
2020-09-26 19:45:00,9364.0,239.65,100.0,236.81175991350884
2020-09-26 20:00:00,14111.0,239.65,0.0,237.2678666261686
2020-09-26 20:15:00,14750.0,239.96,0.0,236.71938387043846
2020-09-26 20:30:00,12150.0,240.0,0.0,236.91568296196297
2020-09-26 20:45:00,11258.0,240.13,0.0,237.21590510194162
2020-09-26 21:00:00,10688.0,239.84,0.0,237.42952470154168
2020-09-26 21:15:00,7746.0,240.0,0.0,237.27364012886056
2020-09-26 21:30:00,8748.0,240.56,0.0,237.8856314142015
2020-09-26 21:45:00,7418.0,240.64,0.0,238.2840030999424
2020-09-26 22:00:00,5968.0,239.64,0.0,238.31864411609368
2020-09-26 22:15:00,5835.0,239.81,0.0,237.7586143549798
2020-09-26 22:30:00,5028.0,239.69,0.0,237.92027243035287
2020-09-26 22:45:00,4726.0,240.25,0.0,238.0299689814989
2020-09-26 23:00:00,4917.0,240.19,0.0,238.60154574799662
2020-09-26 23:15:00,4544.0,240.37,0.0,238.5207167103101
2020-09-26 23:30:00,4429.0,240.29,0.0,238.7112422991427
2020-09-26 23:45:00,5025.0,239.77,0.0,238.7170158018346
2020-09-27 00:00:00,3936.0,238.87,0.0,238.04151598688276
2020-09-27 00:15:00,3884.0,238.38,0.0,237.5623152634553
2020-09-27 00:30:00,4123.0,238.08,0.0,236.58659330852487
2020-09-27 00:45:00,4145.0,238.26,0.0,236.56927280044917
2020-09-27 01:00:00,4119.0,237.85,0.0,236.92722996734676
2020-09-27 01:15:00,4199.0,238.13,0.0,236.32678568738956
2020-09-27 01:30:00,4301.0,238.25,0.0,236.63278133006006
2020-09-27 01:45:00,4358.0,238.28,0.0,236.7424778812061
2020-09-27 02:00:00,4318.0,238.12,0.0,236.77134539466562
2020-09-27 02:15:00,4339.0,238.29,0.0,236.66164884351952
2020-09-27 02:30:00,4025.0,238.14,0.0,236.8406274269683
2020-09-27 02:45:00,4399.0,238.34,0.0,236.86949494042773
2020-09-27 03:00:00,4162.0,238.25,0.0,236.88104194581157
2020-09-27 03:15:00,4193.0,238.0,0.0,237.07734103733605
2020-09-27 03:30:00,4478.0,237.91,0.0,236.48267026007076
2020-09-27 03:45:00,4210.0,238.03,0.0,236.53463178429783
2020-09-27 04:00:00,4345.0,237.9,0.0,236.71361036774655
2020-09-27 04:15:00,4177.0,237.85,0.0,236.34987969815708
2020-09-27 04:30:00,4343.0,237.57,0.0,236.30369167662198
2020-09-27 04:45:00,4238.0,237.51,0.0,236.13048659586502
2020-09-27 05:00:00,4206.0,237.7,0.0,236.0554310608704
2020-09-27 05:15:00,6271.0,237.82,0.0,236.30946517931386
2020-09-27 05:30:00,6341.0,238.78,0.0,236.09007207702183
2020-09-27 05:45:00,6516.0,238.88,0.0,236.95032397811437
2020-09-27 06:00:00,5091.0,239.29,0.0,237.09466154541173
2020-09-27 06:15:00,4265.0,239.71,0.0,237.9953279653476
2020-09-27 06:30:00,4251.0,238.98,0.0,238.29555010532616
2020-09-27 06:45:00,4362.0,238.74,0.0,237.63737079845
2020-09-27 07:00:00,4302.0,239.32,0.0,237.45261871230932
2020-09-27 07:15:00,2958.0,239.09,0.0,237.63737079845
2020-09-27 07:30:00,3200.0,239.01,-800.0,237.7528408522879
2020-09-27 07:45:00,3261.0,238.85,-1340.0,237.82789638728252
2020-09-27 08:00:00,2922.0,238.97,-2160.0,237.77593486305545
2020-09-27 08:15:00,2803.0,238.91,-3470.0,238.2204945703315
2020-09-27 08:30:00,4294.0,238.83,-5810.0,238.31287061340183
2020-09-27 08:45:00,4543.0,238.58,-8420.0,238.62463975876426
2020-09-27 09:00:00,10340.0,238.92,-10270.0,238.46298168339112
2020-09-27 09:15:00,9578.0,239.13,-11880.0,238.41102015916408
2020-09-27 09:30:00,7384.0,239.38,-15200.0,238.80361834221299
2020-09-27 09:45:00,9476.0,239.68,-22110.0,239.99295989674368
2020-09-27 10:00:00,13704.0,239.92,-27760.0,240.78970326822534
2020-09-27 10:15:00,18184.0,240.1,-29390.0,241.35550653203117
2020-09-27 10:30:00,29904.0,240.41,-29690.0,240.9398143382146
2020-09-27 10:45:00,4199.0,240.34,-35820.0,240.92826733283084
2020-09-27 11:00:00,29334.0,239.44,-66490.0,246.4535094089756
2020-09-27 11:15:00,37890.0,239.13,-69170.0,245.8126506101751
2020-09-27 11:30:00,32626.0,238.79,-58370.0,244.70413809333095
2020-09-27 11:45:00,18191.0,238.7,-53530.0,243.54366405225983
2020-09-27 12:00:00,29320.0,239.08,-63950.0,244.54248001795793
2020-09-27 12:15:00,28705.0,239.85,-62780.0,245.14292429791516
2020-09-27 12:30:00,21944.0,240.08,-67850.0,246.28030432821868
2020-09-27 12:45:00,27264.0,240.3,-77420.0,247.8968850819496
2020-09-27 13:00:00,44474.0,239.92,-83760.0,249.2998462360804
2020-09-27 13:15:00,40785.0,240.3,-71020.0,247.19251775353828
2020-09-27 13:30:00,28348.0,240.09,-59660.0,246.13019325822938
2020-09-27 13:45:00,19206.0,240.24,-59000.0,246.11287275015368
2020-09-27 14:00:00,43194.0,240.48,-73410.0,247.873791071182
2020-09-27 14:15:00,28453.0,240.23,-53390.0,245.68563355095336
2020-09-27 14:30:00,18577.0,240.32,-43590.0,244.02286477568725
2020-09-27 14:45:00,19943.0,240.65,-46300.0,244.88311667677974
2020-09-27 15:00:00,25848.0,240.64,-47120.0,245.2930353679044
2020-09-27 15:15:00,10230.0,240.74,-44780.0,244.43855696950374
2020-09-27 15:30:00,28016.0,239.54,-63150.0,247.11746221854364
2020-09-27 15:45:00,33763.0,239.21,-55770.0,245.593257507883
2020-09-27 16:00:00,21598.0,239.07,-36530.0,242.77578819423763
2020-09-27 16:15:00,14654.0,238.87,-32560.0,241.51716460740425
2020-09-27 16:30:00,23443.0,238.5,-34150.0,241.3439595266473
2020-09-27 16:45:00,14077.0,238.59,-23110.0,239.72160527022453
2020-09-27 17:00:00,9863.0,239.05,-19730.0,239.47334465447295
2020-09-27 17:15:00,14718.0,238.69,-22830.0,240.2239000044195
2020-09-27 17:30:00,18370.0,238.29,-20850.0,239.40406262217024
2020-09-27 17:45:00,13224.0,238.04,-14260.0,238.191627056872
2020-09-27 18:00:00,9906.0,238.44,-9630.0,237.82212288459067
2020-09-27 18:15:00,8759.0,238.57,-8280.0,237.65469130652568
2020-09-27 18:30:00,7514.0,237.83,-7770.0,237.82212288459067
2020-09-27 18:45:00,7458.0,238.68,-6990.0,237.354469166547
2020-09-27 19:00:00,8675.0,239.02,-5920.0,238.26090908917482
2020-09-27 19:15:00,7409.0,238.71,-3270.0,238.4341141699317
2020-09-27 19:30:00,5218.0,238.11,-80.0,237.49880673384445
2020-09-27 19:45:00,5142.0,238.69,110.0,236.62123432467618
2020-09-27 20:00:00,5306.0,240.22,0.0,237.5854092742229
2020-09-27 20:15:00,4902.0,239.83,0.0,239.02301144450507
2020-09-27 20:30:00,5147.0,239.95,0.0,238.67082778029942
2020-09-27 20:45:00,4856.0,238.94,0.0,238.5495842237696
2020-09-27 21:00:00,5089.0,239.03,0.0,237.93181943573668
2020-09-27 21:15:00,4953.0,239.32,0.0,237.83944339266637
2020-09-27 21:30:00,5381.0,239.87,0.0,237.9491399438124
2020-09-27 21:45:00,5561.0,238.96,0.0,238.5726782345372
2020-09-27 22:00:00,5741.0,239.04,0.0,237.6258237930662
2020-09-27 22:15:00,4725.0,238.46,0.0,237.6085032849905
2020-09-27 22:30:00,4355.0,238.17,0.0,237.01960601041702
2020-09-27 22:45:00,4411.0,238.36,0.0,237.07156753464412
2020-09-27 23:00:00,4461.0,238.83,0.0,236.9965119996495
2020-09-27 23:15:00,4751.0,238.95,0.0,237.5969562796067
2020-09-27 23:30:00,4716.0,238.93,0.0,237.41797769615795
2020-09-27 23:45:00,4125.0,238.87,0.0,237.57386226883912
2020-09-28 00:00:00,4011.0,238.1,0.0,237.49880673384445
2020-09-28 00:15:00,5011.0,238.85,0.0,236.9387769727305
2020-09-28 00:30:00,4775.0,239.46,0.0,237.05424702656845
2020-09-28 00:45:00,4475.0,239.69,0.0,237.98378095996372
2020-09-28 01:00:00,4382.0,238.91,0.0,238.1627595434125
2020-09-28 01:15:00,4164.0,238.92,0.0,237.25631962078484
2020-09-28 01:30:00,4017.0,239.04,0.0,237.33137515577945
2020-09-28 01:45:00,4183.0,239.4,0.0,237.5623152634553
2020-09-28 02:00:00,4072.0,238.85,0.0,237.84521689535825
2020-09-28 02:15:00,4009.0,238.91,0.0,237.21590510194162
2020-09-28 02:30:00,4285.0,239.2,0.0,237.5045802365364
2020-09-28 02:45:00,3984.0,239.29,0.0,237.66046480921761
2020-09-28 03:00:00,4115.0,239.1,0.0,237.89140491689344
2020-09-28 03:15:00,3967.0,239.0,0.0,237.64891780383374
2020-09-28 03:30:00,4523.0,239.2,0.0,237.52190074461205
2020-09-28 03:45:00,4419.0,238.68,0.0,237.7412938469041
2020-09-28 04:00:00,4541.0,238.58,0.0,236.95032397811437
2020-09-28 04:15:00,4251.0,239.39,0.0,237.19281109117398
2020-09-28 04:30:00,4117.0,239.63,0.0,237.7586143549798
2020-09-28 04:45:00,3817.0,239.6,0.0,238.13389202995305
2020-09-28 05:00:00,4177.0,239.42,0.0,237.97800745727184
2020-09-28 05:15:00,3974.0,239.21,0.0,237.95491344650424
2020-09-28 05:30:00,4948.0,238.77,0.0,237.9260459330448
2020-09-28 05:45:00,5474.0,240.27,0.0,237.48725972846063
2020-09-28 06:00:00,5427.0,238.35,0.0,238.5322637156939
2020-09-28 06:15:00,5987.0,237.64,0.0,236.60391381660054
2020-09-28 06:30:00,6633.0,237.88,0.0,235.92841400164866
2020-09-28 06:45:00,6352.0,238.03,0.0,236.14780710394072
2020-09-28 07:00:00,6428.0,237.32,0.0,235.98037552587573
2020-09-28 07:15:00,7329.0,238.51,0.0,235.3106492136158
2020-09-28 07:30:00,7125.0,238.26,0.0,236.2401831470111
2020-09-28 07:45:00,10308.0,238.3,-520.0,235.6686063805133
2020-09-28 08:00:00,13529.0,237.57,-2060.0,235.691700391281
2020-09-28 08:15:00,11249.0,237.89,-3320.0,234.70443143096668
2020-09-28 08:30:00,7460.0,237.79,-5370.0,235.4203457647618
2020-09-28 08:45:00,8055.0,238.12,-7800.0,236.54040528698968
2020-09-28 09:00:00,15555.0,238.77,-10290.0,237.27364012886056
2020-09-28 09:15:00,16812.0,238.66,-11890.0,237.19858459386586
2020-09-28 09:30:00,27691.0,238.73,-14070.0,237.0657940319523
2020-09-28 09:45:00,20919.0,238.91,-14420.0,235.78407643435128
2020-09-28 10:00:00,16411.0,238.85,-20650.0,238.07038350034225
2020-09-28 10:15:00,22880.0,239.1,-29550.0,239.35787460063503
2020-09-28 10:30:00,26523.0,239.09,-32500.0,239.71583176753262
2020-09-28 10:45:00,20724.0,239.45,-33350.0,239.93522486982468
2020-09-28 11:00:00,21509.0,239.57,-37960.0,241.48829709394482
2020-09-28 11:15:00,18103.0,239.07,-49010.0,242.5563950919456
2020-09-28 11:30:00,28542.0,238.69,-64560.0,244.10946731606566
2020-09-28 11:45:00,36946.0,238.77,-79020.0,245.35077039482337
2020-09-28 12:00:00,41077.0,239.95,-89180.0,246.7364110408785
2020-09-28 12:15:00,40611.0,239.05,-91110.0,248.69362845343133
2020-09-28 12:30:00,42330.0,239.26,-94970.0,248.38763281076083
2020-09-28 12:45:00,53335.0,238.99,-98050.0,248.72249596689082
2020-09-28 13:00:00,39361.0,238.66,-90940.0,247.39459034775464
2020-09-28 13:15:00,48431.0,238.47,-94850.0,248.58393190228531
2020-09-28 13:30:00,30527.0,238.51,-85320.0,246.97312465124625
2020-09-28 13:45:00,48263.0,238.7,-95210.0,249.13818816070733
2020-09-28 14:00:00,20597.0,238.93,-76270.0,246.85188109471642
2020-09-28 14:15:00,46747.0,238.63,-98880.0,249.84832899181058
2020-09-28 14:30:00,33252.0,238.65,-87770.0,248.13937219500932
2020-09-28 14:45:00,39598.0,238.93,-93180.0,248.93611556649097
2020-09-28 15:00:00,38455.0,239.31,-88440.0,249.18437618224246
2020-09-28 15:15:00,40675.0,238.97,-81780.0,247.9834876223281
2020-09-28 15:30:00,27851.0,239.07,-76680.0,246.92693662971107
2020-09-28 15:45:00,36826.0,239.32,-79880.0,248.17978671385256
2020-09-28 16:00:00,35305.0,239.32,-72870.0,247.40036385044655
2020-09-28 16:15:00,38575.0,238.61,-69500.0,245.85306512901838
2020-09-28 16:30:00,40333.0,239.03,-62470.0,243.85543319762226
2020-09-28 16:45:00,38205.0,239.13,-56540.0,243.24344191228127
2020-09-28 17:00:00,45062.0,239.01,-51920.0,243.1395188638271
2020-09-28 17:15:00,27836.0,239.01,-31690.0,240.252767517879
2020-09-28 17:30:00,34904.0,238.89,-29460.0,240.02760091289505
2020-09-28 17:45:00,24529.0,238.73,-13430.0,237.6200502903743
2020-09-28 18:00:00,18670.0,238.56,-7080.0,236.1535806066326
2020-09-28 18:15:00,22287.0,239.25,-6850.0,235.84758496396213
2020-09-28 18:30:00,20023.0,238.64,-3560.0,235.50694830514027
2020-09-28 18:45:00,20795.0,238.43,-850.0,234.42152979906373
2020-09-28 19:00:00,45349.0,237.27,-1120.0,234.13862816716085
2020-09-28 19:15:00,50240.0,237.59,-450.0,227.510647076864
2020-09-28 19:30:00,49719.0,236.9,-90.0,227.3605360068746
2020-09-28 19:45:00,47505.0,237.34,240.0,227.118048893815
2020-09-28 20:00:00,49611.0,238.17,-150.0,227.63766413608562
2020-09-28 20:15:00,48528.0,236.39,-10.0,228.53833055602144
2020-09-28 20:30:00,34345.0,236.62,850.0,227.21619843957725
2020-09-28 20:45:00,21394.0,238.17,-130.0,230.0625352666821
2020-09-28 21:00:00,16726.0,239.78,-170.0,234.46771782059892
2020-09-28 21:15:00,16530.0,239.4,-170.0,236.44225574122746
2020-09-28 21:30:00,16449.0,239.55,-170.0,236.3845207143085
2020-09-28 21:45:00,14607.0,240.09,-170.0,236.7424778812061
2020-09-28 22:00:00,10802.0,239.71,-30.0,237.5507682580715
2020-09-28 22:15:00,10088.0,238.97,850.0,237.14662306963882
2020-09-28 22:30:00,9627.0,239.65,-100.0,236.6731958489033
2020-09-28 22:45:00,8127.0,240.33,-170.0,237.79325537113118
2020-09-28 23:00:00,6563.0,240.48,-180.0,238.74588331529404
2020-09-28 23:15:00,4932.0,240.27,-170.0,238.8382593583644
2020-09-28 23:30:00,4729.0,240.06,640.0,238.9190883960509
2020-09-28 23:45:00,3623.0,239.52,860.0,238.7112422991427
2020-09-29 00:00:00,4313.0,238.52,-30.0,237.7643878576717
2020-09-29 00:15:00,4234.0,238.97,-170.0,237.4641657176931
2020-09-29 00:30:00,4214.0,239.03,-170.0,237.6258237930662
2020-09-29 00:45:00,4682.0,239.67,-170.0,237.68933232267705
2020-09-29 01:00:00,4555.0,239.12,-180.0,238.31864411609368
2020-09-29 01:15:00,4900.0,239.38,-30.0,237.5507682580715
2020-09-29 01:30:00,3753.0,239.77,850.0,237.94336644112045
2020-09-29 01:45:00,4309.0,240.33,-140.0,238.38215264570462
2020-09-29 02:00:00,4732.0,239.02,-170.0,239.12693449295918
2020-09-29 02:15:00,4168.0,238.94,-170.0,237.66046480921761
2020-09-29 02:30:00,4618.0,239.08,-170.0,237.86831090612583
2020-09-29 02:45:00,4063.0,239.3,650.0,237.5969562796067
2020-09-29 03:00:00,3530.0,238.4,850.0,237.80480237651497
2020-09-29 03:15:00,4367.0,239.56,30.0,237.24477261540105
2020-09-29 03:30:00,4594.0,239.36,-170.0,238.15121253802874
2020-09-29 03:45:00,4166.0,239.45,-170.0,237.97800745727184
2020-09-29 04:00:00,3999.0,239.55,-170.0,238.0068749707313
2020-09-29 04:15:00,4318.0,238.18,-170.0,237.93181943573668
2020-09-29 04:30:00,5094.0,238.57,-40.0,236.80021290812505
2020-09-29 04:45:00,3454.0,238.33,840.0,237.18126408579013
2020-09-29 05:00:00,4010.0,238.27,-30.0,236.90413595657918
2020-09-29 05:15:00,4259.0,239.14,-170.0,237.0369265184928
2020-09-29 05:30:00,4050.0,239.05,-170.0,237.78748186843933
2020-09-29 05:45:00,6068.0,238.36,-170.0,237.6431443011419
2020-09-29 06:00:00,5894.0,238.48,370.0,236.65010183813567
2020-09-29 06:15:00,5263.0,237.74,850.0,236.92145646465485
2020-09-29 06:30:00,5144.0,239.09,320.0,236.28637116854625
2020-09-29 06:45:00,4677.0,240.88,-170.0,237.59118277691482
2020-09-29 07:00:00,7971.0,239.6,-180.0,239.66964374599743
2020-09-29 07:15:00,8151.0,237.39,-170.0,237.7412938469041
2020-09-29 07:30:00,8087.0,237.89,-170.0,235.48385429437266
2020-09-29 07:45:00,10531.0,238.4,-160.0,235.7378884128161
2020-09-29 08:00:00,16498.0,239.59,420.0,236.27482416316246
2020-09-29 08:15:00,20913.0,239.58,-900.0,236.14780710394072
2020-09-29 08:30:00,12040.0,238.82,-1800.0,235.91686699626493
2020-09-29 08:45:00,11723.0,238.72,-2570.0,236.29214467123813
2020-09-29 09:00:00,13140.0,238.93,-2680.0,236.29214467123813
2020-09-29 09:15:00,17685.0,238.77,-2450.0,236.2228626389354
2020-09-29 09:30:00,14776.0,238.78,-3050.0,235.55890982936728
2020-09-29 09:45:00,22100.0,238.72,-5840.0,235.743661915508
2020-09-29 10:00:00,19952.0,238.47,-7500.0,235.03352108440475
2020-09-29 10:15:00,22188.0,238.9,-8640.0,235.63396536436198
2020-09-29 10:30:00,17346.0,238.62,-8030.0,235.60509785090247
2020-09-29 10:45:00,16356.0,238.4,-8360.0,236.1824481200921
2020-09-29 11:00:00,18571.0,238.83,-7890.0,236.14780710394072
2020-09-29 11:15:00,18829.0,238.99,-8270.0,236.46534975199503
2020-09-29 11:30:00,20619.0,238.69,-9980.0,236.2113156335516
2020-09-29 11:45:00,24151.0,238.84,-12960.0,236.29791817393001
2020-09-29 12:00:00,21019.0,239.29,-14140.0,236.58659330852487
2020-09-29 12:15:00,21465.0,239.34,-13250.0,237.85676390074204
2020-09-29 12:30:00,21416.0,239.27,-13530.0,237.95491344650424
2020-09-29 12:45:00,18368.0,239.47,-14080.0,237.7412938469041
2020-09-29 13:00:00,12871.0,239.48,-14920.0,238.10502451649361
2020-09-29 13:15:00,11178.0,239.7,-19660.0,239.35787460063503
2020-09-29 13:30:00,15619.0,239.59,-24230.0,240.697327225155
2020-09-29 13:45:00,17301.0,239.57,-26610.0,240.697327225155
2020-09-29 14:00:00,13607.0,239.63,-30670.0,240.8532117978362
2020-09-29 14:15:00,13160.0,239.7,-44340.0,242.92589926422696
2020-09-29 14:30:00,29506.0,239.73,-61020.0,245.83574462094268
2020-09-29 14:45:00,23464.0,239.98,-62030.0,245.60480451326683
2020-09-29 15:00:00,33530.0,239.81,-66580.0,246.7421845435704
2020-09-29 15:15:00,14631.0,239.72,-61660.0,246.15906077168887
2020-09-29 15:30:00,43001.0,239.65,-72820.0,247.93152609810105
2020-09-29 15:45:00,25440.0,239.98,-51770.0,244.6868175852553
2020-09-29 16:00:00,36546.0,239.8,-52980.0,244.79074063370945
2020-09-29 16:15:00,32963.0,239.58,-42860.0,242.4005105192644
2020-09-29 16:30:00,25002.0,239.81,-34390.0,241.20539546204185
2020-09-29 16:45:00,26673.0,239.26,-34480.0,241.69614319085304
2020-09-29 17:00:00,39413.0,238.87,-29590.0,240.81857078168483
2020-09-29 17:15:00,32481.0,239.24,-22770.0,237.98378095996372
2020-09-29 17:30:00,22187.0,239.37,-17200.0,238.0761570030341
2020-09-29 17:45:00,22876.0,237.97,-15000.0,238.04151598688276
2020-09-29 18:00:00,23501.0,237.73,-12860.0,236.29791817393001
2020-09-29 18:15:00,23071.0,238.92,-8910.0,235.16053814362652
2020-09-29 18:30:00,20581.0,238.92,-5810.0,236.2113156335516
2020-09-29 18:45:00,22811.0,238.79,-3440.0,235.8764524774216
2020-09-29 19:00:00,19249.0,238.35,-1770.0,234.87763651172355
2020-09-29 19:15:00,42838.0,237.5,-650.0,234.0000641025553
2020-09-29 19:30:00,47710.0,237.75,580.0,229.31775341942745
2020-09-29 19:45:00,45753.0,237.83,850.0,228.90206122561096
2020-09-29 20:00:00,45114.0,238.02,130.0,229.26579189520044
2020-09-29 20:15:00,45623.0,238.3,-150.0,229.66416358094125
2020-09-29 20:30:00,39787.0,238.39,-160.0,229.94129171015226
2020-09-29 20:45:00,41410.0,238.3,-160.0,229.99902673707126
2020-09-29 21:00:00,22406.0,238.61,-160.0,230.0278942505307
2020-09-29 21:15:00,18509.0,238.71,-160.0,234.6120553878964
2020-09-29 21:30:00,20106.0,238.33,440.0,235.6166448562863
2020-09-29 21:45:00,15066.0,238.01,520.0,234.3349272586853
2020-09-29 22:00:00,12401.0,238.85,-150.0,235.09702961401558
2020-09-29 22:15:00,11492.0,238.53,-180.0,236.42493523315173
2020-09-29 22:30:00,8749.0,239.22,-160.0,236.4711232546869
2020-09-29 22:45:00,8310.0,238.89,-100.0,237.51035373922824
2020-09-29 23:00:00,6809.0,239.62,860.0,237.14662306963882
2020-09-29 23:15:00,6589.0,240.17,730.0,238.2840030999424
2020-09-29 23:30:00,6181.0,240.07,-170.0,238.861353369132
2020-09-29 23:45:00,6345.0,239.48,-170.0,238.74588331529404
2020-09-30 00:00:00,7057.0,240.31,-180.0,238.249362083791
2020-09-30 00:15:00,6352.0,239.68,-170.0,238.8959943852834
2020-09-30 00:30:00,6595.0,239.36,-180.0,238.249362083791
2020-09-30 00:45:00,7200.0,239.61,310.0,238.191627056872
2020-09-30 01:00:00,5698.0,239.73,590.0,238.191627056872
2020-09-30 01:15:00,6184.0,240.0,-170.0,238.46875518608303
2020-09-30 01:30:00,7213.0,240.11,-180.0,238.62463975876426
2020-09-30 01:45:00,6142.0,240.24,-170.0,238.5553577264615
2020-09-30 02:00:00,7610.0,240.08,-100.0,238.8844473798996
2020-09-30 02:15:00,5981.0,239.86,850.0,238.5091697049263
2020-09-30 02:30:00,5068.0,239.58,820.0,238.243588581099
2020-09-30 02:45:00,6583.0,239.43,-170.0,238.14543903533686
2020-09-30 03:00:00,5662.0,239.08,-170.0,237.9260459330448
2020-09-30 03:15:00,5534.0,238.87,-150.0,237.6085032849905
2020-09-30 03:30:00,7648.0,238.81,0.0,237.4410717069255
2020-09-30 03:45:00,5793.0,239.17,0.0,237.2794136315524
2020-09-30 04:00:00,7063.0,238.47,0.0,237.61427678768243
2020-09-30 04:15:00,6477.0,238.14,0.0,236.5923668112168
2020-09-30 04:30:00,6405.0,238.29,0.0,236.42493523315173
2020-09-30 04:45:00,7378.0,238.18,0.0,236.5981403139086
2020-09-30 05:00:00,5819.0,238.67,0.0,236.56927280044917
2020-09-30 05:15:00,7500.0,238.46,0.0,236.95032397811437
2020-09-30 05:30:00,5691.0,240.96,0.0,236.92145646465485
2020-09-30 05:45:00,5643.0,239.21,0.0,239.38096861140264
2020-09-30 06:00:00,7864.0,238.72,0.0,237.60272978229858
2020-09-30 06:15:00,7259.0,237.98,0.0,237.03115301580087
2020-09-30 06:30:00,8419.0,238.34,0.0,236.2632771577787
2020-09-30 06:45:00,6301.0,238.75,0.0,236.80021290812505
2020-09-30 07:00:00,8612.0,238.07,0.0,237.1870375884821
2020-09-30 07:15:00,9093.0,237.84,0.0,236.136260098557
2020-09-30 07:30:00,8675.0,238.45,0.0,236.01501654202715
2020-09-30 07:45:00,7116.0,238.15,-350.0,236.91568296196297
2020-09-30 08:00:00,14917.0,237.53,-1240.0,236.46534975199503
2020-09-30 08:15:00,19544.0,237.21,-2760.0,234.50813233944217
2020-09-30 08:30:00,15883.0,237.35,-4670.0,234.13862816716085
2020-09-30 08:45:00,9894.0,237.74,-5720.0,234.74484594980996
2020-09-30 09:00:00,16583.0,237.93,-16430.0,236.62123432467618
2020-09-30 09:15:00,22215.0,238.32,-22680.0,237.7297468415203
2020-09-30 09:30:00,28237.0,238.06,-31790.0,238.38792614839645
2020-09-30 09:45:00,28545.0,238.13,-38830.0,238.9941439310456
2020-09-30 10:00:00,27369.0,238.57,-45780.0,240.23544700980332
2020-09-30 10:15:00,28238.0,238.63,-52140.0,242.0714208658263
2020-09-30 10:30:00,32115.0,239.28,-56790.0,242.82197621577282
2020-09-30 10:45:00,30746.0,239.07,-60880.0,243.7630571545519
2020-09-30 11:00:00,32251.0,238.76,-65250.0,244.27689889413068
2020-09-30 11:15:00,32020.0,238.66,-69260.0,244.34040742374148
2020-09-30 11:30:00,34704.0,238.92,-73050.0,245.40273191905044
2020-09-30 11:45:00,39003.0,239.24,-77200.0,245.22375333560169
2020-09-30 12:00:00,36121.0,239.93,-79010.0,246.07245823131043
2020-09-30 12:15:00,36036.0,240.56,-80700.0,247.8968850819496
2020-09-30 12:30:00,39325.0,238.37,-83300.0,248.44536783767975
2020-09-30 12:45:00,36562.0,238.1,-84020.0,245.91080015593727
2020-09-30 13:00:00,40177.0,238.61,-84780.0,246.5516589547378
2020-09-30 13:15:00,37986.0,238.29,-84810.0,246.77682555972174
2020-09-30 13:30:00,39042.0,238.25,-84660.0,246.2110222959159
2020-09-30 13:45:00,38409.0,238.26,-85260.0,246.66135550588382
2020-09-30 14:00:00,40517.0,238.25,-84890.0,247.0597271916247
2020-09-30 14:15:00,39568.0,237.94,-84660.0,246.40154788474845
2020-09-30 14:30:00,37675.0,237.82,-82560.0,246.0031761990076
2020-09-30 14:45:00,35469.0,238.25,-81230.0,246.2572103174511
2020-09-30 15:00:00,35494.0,238.62,-78970.0,246.707543527419
2020-09-30 15:15:00,34393.0,238.77,-76830.0,246.85188109471642
2020-09-30 15:30:00,31605.0,238.23,-72640.0,246.5805264681973
2020-09-30 15:45:00,35797.0,238.1,-69530.0,245.72604806979663
2020-09-30 16:00:00,35716.0,239.36,-64070.0,244.1267878241414
2020-09-30 16:15:00,32422.0,240.45,-58980.0,244.26535188874686
2020-09-30 16:30:00,34664.0,240.05,-54500.0,245.03322774676911
2020-09-30 16:45:00,31843.0,239.38,-50040.0,243.81501867877896
2020-09-30 17:00:00,38014.0,237.79,-43580.0,242.82197621577282
2020-09-30 17:15:00,33455.0,238.92,-36960.0,239.19044302257007
2020-09-30 17:30:00,30255.0,239.43,-30560.0,239.917904361749
2020-09-30 17:45:00,24731.0,239.56,-24340.0,239.1731225144944
2020-09-30 18:00:00,28182.0,238.85,-18340.0,239.24240454679713
2020-09-30 18:15:00,27907.0,238.09,-12120.0,236.20554213085967
2020-09-30 18:30:00,23774.0,239.32,-6980.0,234.61782889058827
2020-09-30 18:45:00,32719.0,239.23,-2510.0,236.0496575581785
2020-09-30 19:00:00,36883.0,237.56,-560.0,233.82685902179844
2020-09-30 19:15:00,39457.0,236.52,-560.0,230.6514325412555
2020-09-30 19:30:00,61656.0,236.22,-220.0,228.91938173368663
2020-09-30 19:45:00,62443.0,237.92,-150.0,224.502652174386
2020-09-30 20:00:00,59965.0,237.66,-150.0,226.51183111116592
2020-09-30 20:15:00,60186.0,237.59,700.0,226.6619421811552
2020-09-30 20:30:00,53183.0,238.25,120.0,226.0384038904304
2020-09-30 20:45:00,39966.0,238.86,-160.0,228.91360823099475
2020-09-30 21:00:00,38018.0,239.39,-160.0,232.071714203462
2020-09-30 21:15:00,25704.0,239.42,-160.0,232.41235086228386
2020-09-30 21:30:00,15002.0,239.57,370.0,234.90650402518304
2020-09-30 21:45:00,11560.0,240.48,850.0,236.0669780662542
2020-09-30 22:00:00,13583.0,240.05,170.0,237.5854092742229
2020-09-30 22:15:00,12007.0,240.44,-170.0,236.89258895119536
2020-09-30 22:30:00,11070.0,239.06,-170.0,238.12234502456928
2020-09-30 22:45:00,8799.0,238.78,-170.0,236.71361036774655
2020-09-30 23:00:00,8629.0,239.14,-170.0,236.91568296196297
2020-09-30 23:15:00,6863.0,239.24,-170.0,237.36024266923897
2020-09-30 23:30:00,5726.0,238.92,780.0,237.6085032849905
2020-09-30 23:45:00,6437.0,237.92,170.0,237.25054611809293
